"key","denote1","denote2","pvalue","warning","t1","t2"
"betweenness_1820_~_betweenness_1830",0.784875111541794,0.800837160678635,0.613600611127642,"Data contain duplicated values: LSCV is not well-behaved in this case",-0.122295272758404,-0.126134348089552
"betweenness_1820_~_zipf_1830",0.99,0.60594915219003,0,"Data contain duplicated values: LSCV is not well-behaved in this case",-0.487719999962902,-5.39325164902182e-12
"betweenness_1820_~_spectral_diversity_1830",0.99,0.411435633558139,0,NA,-0.499148722882454,-4.22282967850949e-12
"betweenness_1820_~_entropy_1830",0.99,0.0796199746746196,0,NA,-0.24057482326377,-9.73761522566076e-13
"zipf_1820_~_betweenness_1830",0.621783559155851,0.0445484102380685,0.966197380429278,"Data contain duplicated values: LSCV is not well-behaved in this case",-5.32692826936987e-12,-0.00679470424885723
"zipf_1820_~_zipf_1830",0.60810979110211,0.607298272591191,0.050575169967549,NA,-0.174317546392422,-0.139409912338648
"zipf_1820_~_spectral_diversity_1830",0.569589404813206,0.561231556079516,0.88006318135541,NA,-0.00869514681488287,-0.00987033707671901
"zipf_1820_~_entropy_1830",0.316160265061397,0.302129451855604,0.492683292111656,NA,-0.0409601406632507,-0.0791346938230167
"spectral_diversity_1820_~_betweenness_1830",0.402160253920748,0.0390054460887919,0.617798598498471,"Data contain duplicated values: LSCV is not well-behaved in this case",-4.02981158625866e-12,-0.00587934668725257
"spectral_diversity_1820_~_zipf_1830",0.429007619211136,0.438728600881147,0.748096636023021,"Data contain duplicated values: LSCV is not well-behaved in this case",-0.0702271518135491,-0.0457231217806298
"spectral_diversity_1820_~_spectral_diversity_1830",0.891424332876787,0.88451857707106,0.166153622785784,NA,-0.0265258703508172,-0.0496208515808997
"entropy_1820_~_betweenness_1830",0.123879445264693,0.99,0.959264732081629,"Data contain duplicated values: LSCV is not well-behaved in this case",-1.54972160462148e-12,-0.193914524549363
"entropy_1820_~_zipf_1830",0.363175087863629,0.387401554033364,0.981703768076849,"Data contain duplicated values: LSCV is not well-behaved in this case",-0.0688142959873275,-0.0455043535150944
"entropy_1820_~_entropy_1830",0.67165924236539,0.664257570506163,0.122634149601781,NA,-0.111605208000445,-0.086614327359258
"betweenness_1820_~_betweenness_1840",0.752088549278509,0.771749566815021,0.550810852823514,"Data contain duplicated values: LSCV is not well-behaved in this case",-0.113541427201589,-0.119706737118454
"betweenness_1820_~_zipf_1840",0.99,0.583120047798712,0,"Data contain duplicated values: LSCV is not well-behaved in this case",-0.443429985467339,-5.40376270752828e-12
"betweenness_1820_~_spectral_diversity_1840",0.99,0.366973459549454,0,NA,-0.490015107721594,-3.91180792086229e-12
"betweenness_1820_~_entropy_1840",0.99,0.076247874644629,0,NA,-0.194917931031238,-9.43690891590932e-13
"zipf_1820_~_betweenness_1840",0.63845159743376,0.99,0.970254638039638,"Data contain duplicated values: LSCV is not well-behaved in this case",-5.37006588189282e-12,-0.179581394264649
"zipf_1820_~_zipf_1840",0.766428277386482,0.76311875437655,0.0102377393494182,NA,-0.099977301735305,-0.0683549184073369
"zipf_1820_~_spectral_diversity_1840",0.482055283981219,0.48086333949008,0.473798810339471,NA,-0.0168359261819844,-0.0480494137373903
"zipf_1820_~_entropy_1840",0.296991120252454,0.282340684398558,0.760184951806587,NA,-0.0524368040932169,-0.0568236285630585
"spectral_diversity_1820_~_betweenness_1840",0.413415923537148,0.99,0.563609263962864,"Data contain duplicated values: LSCV is not well-behaved in this case",-4.22778545499343e-12,-0.192666959463566
"spectral_diversity_1820_~_zipf_1840",0.449513910875679,0.460827341743543,0.993213280027874,NA,-0.0576498336677539,-0.0459267375750012
"spectral_diversity_1820_~_spectral_diversity_1840",0.861664369355946,0.857890361295031,0.944496165456678,NA,-0.0423866151263283,-0.0451647803236349
"entropy_1820_~_betweenness_1840",0.141123577174799,0.99,0.961470078862747,"Data contain duplicated values: LSCV is not well-behaved in this case",-1.70870945886849e-12,-0.156443372875891
"entropy_1820_~_zipf_1840",0.375622567559391,0.399364241797621,0.919772927317301,NA,-0.0624692163390678,-0.042823166185408
"entropy_1820_~_entropy_1840",0.665461518999289,0.657543048292343,0.211260725361962,NA,-0.10105801589027,-0.0820551109402552
"betweenness_1820_~_betweenness_1850",0.99,0.99,0.999054820962986,"Data contain duplicated values: LSCV is not well-behaved in this case",-1.30729659245118e-06,-3.16659343496561e-07
"betweenness_1820_~_zipf_1850",0.99,0.597515698404695,0,"Data contain duplicated values: LSCV is not well-behaved in this case",-0.465394098205661,-5.4882253193303e-12
"betweenness_1820_~_spectral_diversity_1850",0.99,0.385200539991602,0,NA,-0.496160722686776,-4.05300382302566e-12
"betweenness_1820_~_entropy_1850",0.99,0.0757853206524828,0,NA,-0.181890843474649,-9.91747220078883e-13
"zipf_1820_~_betweenness_1850",0.636066577802929,0.99,0.760349557513545,"Data contain duplicated values: LSCV is not well-behaved in this case",-1.36947162122795e-09,-0.275995177880161
"zipf_1820_~_zipf_1850",0.591064559915757,0.589417182689554,0.43327821011714,NA,-0.156860969816228,-0.143271834354915
"zipf_1820_~_spectral_diversity_1850",0.476249406548431,0.471552903752997,0.817415785804734,NA,-0.0259853772335437,-0.040498381456577
"zipf_1820_~_entropy_1850",0.302296997349686,0.287053642328756,0.847091955246921,NA,-0.0491895842216366,-0.0576558211440813
"spectral_diversity_1820_~_betweenness_1850",0.39223423801138,0.191590582065879,0.719238225691131,NA,-2.45215541989282e-11,-0.0297844195582269
"spectral_diversity_1820_~_zipf_1850",0.434678355939122,0.446481035433201,0.870017777213507,"Data contain duplicated values: LSCV is not well-behaved in this case",-0.0655926745251157,-0.0459077566427375
"spectral_diversity_1820_~_spectral_diversity_1850",0.858723326784023,0.852659053566275,0.630382868481972,NA,-0.0389562900451696,-0.0520477367337591
"entropy_1820_~_betweenness_1850",0.074930851420602,0.543292231869091,0.614425827100878,NA,-8.03549735345259e-11,-0.391060030743284
"entropy_1820_~_zipf_1850",0.355949034685454,0.37980799502396,0.906260418181911,"Data contain duplicated values: LSCV is not well-behaved in this case",-0.0673268388051276,-0.0481084804276414
"entropy_1820_~_entropy_1850",0.652696319593462,0.635258848744433,0.0644498157898075,NA,-0.107989925023745,-0.0831837265670261
"betweenness_1820_~_betweenness_1860",0.99,0.989092877309945,0.860525614643799,"Data contain duplicated values: LSCV is not well-behaved in this case",-2.02645985955445e-05,-1.65032076700424e-05
"betweenness_1820_~_zipf_1860",0.99,0.605100079334201,0,"Data contain duplicated values: LSCV is not well-behaved in this case",-0.452783860745243,-5.46829921041816e-12
"betweenness_1820_~_spectral_diversity_1860",0.99,0.400168040421522,0,NA,-0.542727230347355,-4.21324253658751e-12
"betweenness_1820_~_entropy_1860",0.99,0.0776959061249124,0,NA,-0.154876109242236,-9.9270804961563e-13
"zipf_1820_~_betweenness_1860",0.552936957545815,0.112411335308227,0.686462060876551,NA,-5.05444349741103e-09,-0.0236043396915681
"zipf_1820_~_zipf_1860",0.531208436729033,0.530698021870098,0.536112749072897,NA,-0.166135275363628,-0.15374298500771
"zipf_1820_~_spectral_diversity_1860",0.494534796849357,0.488928134131361,0.99093523319508,NA,-0.013223776099086,-0.0193386730292542
"zipf_1820_~_entropy_1860",0.317989868214247,0.306766157624377,0.457282544553466,NA,-0.0603996497010462,-0.045793476014713
"spectral_diversity_1820_~_betweenness_1860",0.398430071421361,0.773774272642044,0.00325505554730587,"Data contain duplicated values: LSCV is not well-behaved in this case",-2.59318123795901e-09,-0.082944610412622
"spectral_diversity_1820_~_zipf_1860",0.429855694986413,0.442097122039772,0.933663427330899,NA,-0.0491719531358453,-0.0410945802523253
"spectral_diversity_1820_~_spectral_diversity_1860",0.821497674604731,0.813993573522235,0.461580653551518,NA,-0.03771861208639,-0.0589510418307786
"entropy_1820_~_betweenness_1860",0.0935606320101778,0.410399923337439,0.785107398241552,"Data contain duplicated values: LSCV is not well-behaved in this case",-7.59325537295483e-10,-0.204800899412339
"entropy_1820_~_zipf_1860",0.311466168361754,0.332165328443161,0.722854470214366,NA,-0.0825074314712676,-0.0487836585283906
"entropy_1820_~_entropy_1860",0.606055326797219,0.592141408633041,0.109924974064829,NA,-0.109617677818781,-0.0826741998264446
"betweenness_1820_~_betweenness_1870",0.99,0.99,0.990996739489878,"Data contain duplicated values: LSCV is not well-behaved in this case",-2.21261451815214e-06,-2.57099419079176e-07
"betweenness_1820_~_zipf_1870",0.99,0.595428300592121,0,"Data contain duplicated values: LSCV is not well-behaved in this case",-0.383450980620716,-5.42530422809173e-12
"betweenness_1820_~_spectral_diversity_1870",0.99,0.395846848660782,0,NA,-0.48308222335199,-4.24928740726053e-12
"betweenness_1820_~_entropy_1870",0.931531792272485,0.0770059471161448,0,NA,-0.138959726142341,-9.8590956866899e-13
"zipf_1820_~_betweenness_1870",0.575526274821342,0.99,0.332558705771472,"Data contain duplicated values: LSCV is not well-behaved in this case",-5.61585676833939e-09,-0.221820859525194
"zipf_1820_~_zipf_1870",0.68836641710926,0.682308295704596,0.921855743177563,"Data contain duplicated values: LSCV is not well-behaved in this case",-0.0904193061929001,-0.0947091974899923
"zipf_1820_~_spectral_diversity_1870",0.487177640059785,0.478707490496126,0.978542220016278,NA,-0.0117717726060783,-0.0214251153813408
"zipf_1820_~_entropy_1870",0.2867106836872,0.276061697428816,0.478396358045419,NA,-0.061400071151047,-0.0477525197071991
"spectral_diversity_1820_~_betweenness_1870",0.398833622982213,0.810409602714298,4.65562681495335e-06,NA,-2.51247354109834e-09,-0.116910734581472
"spectral_diversity_1820_~_zipf_1870",0.484345774360577,0.499962726931459,0.684590723357732,NA,-0.0153056984367447,-0.0220817690580545
"spectral_diversity_1820_~_spectral_diversity_1870",0.826733661806623,0.815666174625985,0.190651840364538,NA,-0.0262004121143718,-0.0617547497704625
"entropy_1820_~_betweenness_1870",0.10974132070515,0.643447210928734,0.778945265110946,NA,-7.81765880841237e-10,-0.319498823257094
"entropy_1820_~_zipf_1870",0.354676083037525,0.381965194030227,0.611013590012288,NA,-0.04592787900428,-0.0395257024956555
"entropy_1820_~_entropy_1870",0.716947689052837,0.696307674544509,0.323653713444114,NA,-0.0544794150826421,-0.0505912136220489
"betweenness_1820_~_betweenness_1880",0.99,0.970144815811706,0.113214750043747,"Data contain duplicated values: LSCV is not well-behaved in this case",-8.73278538972653e-06,-1.44353818052702e-07
"betweenness_1820_~_zipf_1880",0.99,0.58911457930052,0,"Data contain duplicated values: LSCV is not well-behaved in this case",-0.424782920064808,-5.40439124492928e-12
"betweenness_1820_~_spectral_diversity_1880",0.99,0.379000271943537,0,NA,-0.513666209296912,-3.91936951736686e-12
"betweenness_1820_~_entropy_1880",0.695876634930092,0.0732541988537644,0,NA,-0.103647402212109,-9.37485564262798e-13
"zipf_1820_~_betweenness_1880",0.635856003295856,0.776777352690021,0,"Data contain duplicated values: LSCV is not well-behaved in this case",-4.98374036275053e-08,-0.114762997415828
"zipf_1820_~_zipf_1880",0.786177038107898,0.777267564484996,0.48101882172253,NA,-0.0436142843724994,-0.0409883858483844
"zipf_1820_~_spectral_diversity_1880",0.483597697418594,0.472667284606878,0.721714088944751,NA,-0.0194432394365779,-0.0147995178526321
"zipf_1820_~_entropy_1880",0.264284416332931,0.25876873115392,0.798961446845846,NA,-0.0529722303864985,-0.0500660063607914
"spectral_diversity_1820_~_betweenness_1880",0.398086347931208,0.844094461092612,0,NA,-2.35951480136488e-08,-0.0667455581403724
"spectral_diversity_1820_~_zipf_1880",0.452922135716696,0.465193105025451,0.751793607227037,NA,-0.0253909953898417,-0.0300186579823313
"spectral_diversity_1820_~_spectral_diversity_1880",0.793844738409325,0.784788494689576,0.750388504116125,NA,-0.0454153472530716,-0.0616217949178951
"entropy_1820_~_betweenness_1880",0.184298723061631,0.685987081987731,0,NA,-1.66404455895551e-08,-0.106659129176476
"entropy_1820_~_zipf_1880",0.342475960149096,0.364681963215638,0.83024775846436,NA,-0.0536050476615297,-0.0400254985008769
"entropy_1820_~_entropy_1880",0.622575252235912,0.606249129377135,0.00744542263493253,NA,-0.116432300568927,-0.0632083086591794
"betweenness_1820_~_betweenness_1890",0.99,0.982840379784724,0.417244032150506,"Data contain duplicated values: LSCV is not well-behaved in this case",-8.98481572336636e-06,-6.78215917545565e-08
"betweenness_1820_~_zipf_1890",0.99,0.596149714159407,0,"Data contain duplicated values: LSCV is not well-behaved in this case",-0.475384116122227,-5.54078496179319e-12
"betweenness_1820_~_spectral_diversity_1890",0.99,0.405446483750463,0,NA,-0.504214763971496,-4.22570822456181e-12
"betweenness_1820_~_entropy_1890",0.99,0.0740455782834766,0,NA,-0.15286421563139,-9.6723824197345e-13
"zipf_1820_~_betweenness_1890",0.593770339151854,0.739924829763943,0,NA,-1.22626768908899e-07,-0.168463933982829
"zipf_1820_~_zipf_1890",0.771965167670912,0.763312214489171,0.547004144034651,NA,-0.0447298822821318,-0.0427515334168587
"zipf_1820_~_spectral_diversity_1890",0.454126571008651,0.44550491405095,0.74989901109324,NA,-0.0199689141378453,-0.0417059422397938
"zipf_1820_~_entropy_1890",0.281956435825511,0.273277507637695,0.951395936183675,NA,-0.0484573938147405,-0.05514304357546
"spectral_diversity_1820_~_betweenness_1890",0.376256411324906,0.820706492774985,0,NA,-5.73100350497877e-08,-0.0866321910030696
"spectral_diversity_1820_~_zipf_1890",0.398245412589535,0.404626057664575,0.762851144469185,NA,-0.0556873162328687,-0.0344154380537952
"spectral_diversity_1820_~_spectral_diversity_1890",0.812421109226047,0.801418508884971,0.540434495469291,NA,-0.0301749602225886,-0.0544590367353196
"entropy_1820_~_betweenness_1890",0.18512412788737,0.66785641097545,0,NA,-3.68003639628142e-08,-0.150667581341542
"entropy_1820_~_zipf_1890",0.324499476869677,0.345765943696436,0.969165431208496,NA,-0.0643592871331289,-0.0446218864361178
"entropy_1820_~_entropy_1890",0.572285333510905,0.554513902597307,0.0435838193590166,NA,-0.118758309164481,-0.0860766598858552
"betweenness_1820_~_betweenness_1900",0.99,0.98333863900316,0.273677325531363,NA,-2.02846950140702e-05,-3.2468164924414e-08
"betweenness_1820_~_zipf_1900",0.99,0.594513499912797,0,"Data contain duplicated values: LSCV is not well-behaved in this case",-0.443195747163245,-5.43702786841255e-12
"betweenness_1820_~_spectral_diversity_1900",0.99,0.392319605110401,0,NA,-0.486629530752539,-4.05710922963187e-12
"betweenness_1820_~_entropy_1900",0.517486491251554,0.0728490645473985,0,NA,-0.0790423820045396,-9.05392867926162e-13
"zipf_1820_~_betweenness_1900",0.591924087972719,0.737979449238279,0,NA,-1.56400981943293e-07,-0.149795084720937
"zipf_1820_~_zipf_1900",0.616528048144194,0.607203278122669,0.583875756049677,NA,-0.100002656372465,-0.0971531591871724
"zipf_1820_~_spectral_diversity_1900",0.462966812619983,0.455920684002935,0.772227195108057,NA,-0.00937403167912819,-0.0284617206857607
"zipf_1820_~_entropy_1900",0.278331610631527,0.269842435912316,0.650470668756823,NA,-0.0579867908787487,-0.0519940893434773
"spectral_diversity_1820_~_betweenness_1900",0.382218851124159,0.829334626597093,0,NA,-6.91939176375654e-08,-0.078164677103622
"spectral_diversity_1820_~_zipf_1900",0.35595702337868,0.359837827214308,0.595114493781184,NA,-0.0662113128707415,-0.0369619621206789
"spectral_diversity_1820_~_spectral_diversity_1900",0.772155321645587,0.756623535178167,0.715275587770484,NA,-0.0303042002443809,-0.0560607705034843
"entropy_1820_~_betweenness_1900",0.202080990619189,0.663634008501258,0,NA,-6.62543629106425e-08,-0.120261196747162
"entropy_1820_~_zipf_1900",0.308631707344613,0.327285055748219,0.862519904325093,NA,-0.0549122076835856,-0.0430678542990233
"entropy_1820_~_entropy_1900",0.594511781269533,0.575594225299299,0.0619976356517331,NA,-0.100966493250559,-0.0674383507843778
"betweenness_1820_~_betweenness_1910",0.935050963566874,0.915339452855481,0.416792376755458,"Data contain duplicated values: LSCV is not well-behaved in this case",-0.000327863433148112,-7.71196643217753e-05
"betweenness_1820_~_zipf_1910",0.99,0.591955038389025,0,"Data contain duplicated values: LSCV is not well-behaved in this case",-0.467566388532853,-5.36435532515015e-12
"betweenness_1820_~_spectral_diversity_1910",0.99,0.374164209707632,0,NA,-0.50189380262613,-3.88596913318001e-12
"betweenness_1820_~_entropy_1910",0.731991259827945,0.0738913079540646,0,NA,-0.106459333881266,-9.70963737564808e-13
"zipf_1820_~_betweenness_1910",0.521698673598814,0.662922549865381,0,NA,-1.30190782754652e-07,-0.203073624808576
"zipf_1820_~_zipf_1910",0.591310185165318,0.580316800839575,0.298317442204296,"Data contain duplicated values: LSCV is not well-behaved in this case",-0.10137991411564,-0.0873145716175648
"zipf_1820_~_spectral_diversity_1910",0.389338536634057,0.380018460812823,0.623102323000425,NA,-0.0232759285783512,-0.0516430765276011
"zipf_1820_~_entropy_1910",0.285431040373358,0.273721219001721,0.841754386051249,NA,-0.0439011054398701,-0.0490980168876215
"spectral_diversity_1820_~_betweenness_1910",0.34110903860894,0.771054112700203,0,NA,-8.64860493642506e-08,-0.11341422649925
"spectral_diversity_1820_~_zipf_1910",0.305605692573092,0.307931086408054,0.177409851709903,NA,-0.0911732588676196,-0.0306636282027965
"spectral_diversity_1820_~_spectral_diversity_1910",0.751810833366021,0.734790064913694,0.769390226408679,NA,-0.0210289075112537,-0.0472468402978748
"entropy_1820_~_betweenness_1910",0.154235133525963,0.605291815210647,0.750801248745787,NA,-2.63799404344043e-08,-0.215910704407387
"entropy_1820_~_zipf_1910",0.294158285999683,0.314550435359618,0.679330002475658,NA,-0.0499431094020907,-0.0456163495311295
"entropy_1820_~_entropy_1910",0.50786676256706,0.494457268255868,0.107103105898788,NA,-0.120268744655632,-0.0870105899002343
"betweenness_1820_~_betweenness_1920",0.980933076785956,0.940984912147736,0.0577573862898695,"Data contain duplicated values: LSCV is not well-behaved in this case",-5.41674173017301e-05,-3.16566361104532e-07
"betweenness_1820_~_zipf_1920",0.99,0.574310577418053,0,"Data contain duplicated values: LSCV is not well-behaved in this case",-0.512867066813235,-5.17246144422996e-12
"betweenness_1820_~_spectral_diversity_1920",0.99,0.374352658019537,0,NA,-0.532381694923486,-3.73685658752293e-12
"betweenness_1820_~_entropy_1920",0.99,0.0714536032054036,0,NA,-0.150221901528489,-9.12744961755976e-13
"zipf_1820_~_betweenness_1920",0.468741455289747,0.648320262190083,0,NA,-4.33099310017406e-08,-0.231793265599886
"zipf_1820_~_zipf_1920",0.51331969651673,0.505735294114841,0.890341035922759,NA,-0.109635352376741,-0.12062508867498
"zipf_1820_~_spectral_diversity_1920",0.416142641723286,0.40265597076065,0.928321181434279,NA,-0.0159472555938219,-0.0330629004929909
"zipf_1820_~_entropy_1920",0.25567002193718,0.24878926234812,0.897233948114841,NA,-0.040085832988179,-0.0511081161187059
"spectral_diversity_1820_~_betweenness_1920",0.307661466589105,0.758428869680425,0,NA,-2.80724198954906e-08,-0.134527287275215
"spectral_diversity_1820_~_zipf_1920",0.347707723586355,0.352863459619873,0.865832157646211,NA,-0.0336989375854987,-0.0372446794409152
"spectral_diversity_1820_~_spectral_diversity_1920",0.743527164141015,0.724534616410733,0.993709624680178,NA,-0.0241379738691742,-0.0433880857450857
"entropy_1820_~_betweenness_1920",0.163453528866062,0.633056392129304,0.848535413116536,NA,-1.34891503320889e-08,-0.194289282430632
"entropy_1820_~_zipf_1920",0.296326887082318,0.315955613099842,0.384136907574565,NA,-0.0364383248621224,-0.0509080056969507
"entropy_1820_~_entropy_1920",0.582995715504624,0.556562912423168,0.0147527002999501,NA,-0.102125564148541,-0.055542282205989
"betweenness_1820_~_betweenness_1930",0.975813811041249,0.99,5.93081139754759e-13,"Data contain duplicated values: LSCV is not well-behaved in this case",-1.82839863041714e-06,-4.4589634530042e-07
"betweenness_1820_~_zipf_1930",0.99,0.577831720116457,0,NA,-0.481064449623433,-5.30511779360424e-12
"betweenness_1820_~_spectral_diversity_1930",0.99,0.363229956631864,0,NA,-0.445081711032359,-3.84852146377214e-12
"betweenness_1820_~_entropy_1930",0.425667547900313,0.0688848509876911,0,NA,-0.0621185628011715,-9.0545196015662e-13
"zipf_1820_~_betweenness_1930",0.458492259531928,0.611141306125116,6.18394224716212e-13,NA,-8.246835455352e-09,-0.225412628501725
"zipf_1820_~_zipf_1930",0.489210388387187,0.476927172281277,0.160833171283003,NA,-0.11905151897535,-0.0941254625310167
"zipf_1820_~_spectral_diversity_1930",0.368638166233338,0.361964220236864,0.223397416353227,NA,-0.00505245376713323,-0.0589807449915215
"zipf_1820_~_entropy_1930",0.224641854848564,0.218523268357906,0.83815457706516,NA,-0.042950097475288,-0.0553140646862919
"spectral_diversity_1820_~_betweenness_1930",0.308625065482945,0.779155756216829,0,NA,-6.39248341872852e-09,-0.143828282871546
"spectral_diversity_1820_~_zipf_1930",0.320475526324119,0.322358138543882,0.845382794285588,NA,-0.0427514782349591,-0.0312542320479299
"spectral_diversity_1820_~_spectral_diversity_1930",0.707397986487624,0.682495877826133,0.718088795337091,NA,-0.00991169982717724,-0.0473214960087132
"entropy_1820_~_betweenness_1930",0.104950214888025,0.507537670901157,0.738135234316649,NA,-1.98219128534814e-09,-0.322766310239671
"entropy_1820_~_zipf_1930",0.270933578088329,0.281446802419517,0.996626202887601,NA,-0.048529442955637,-0.038174077773222
"entropy_1820_~_entropy_1930",0.505391623518391,0.480355702456748,0.0204714705131166,NA,-0.109739726773899,-0.0601713891237767
"betweenness_1820_~_betweenness_1940",0.886660375165623,0.893877549045293,0.793252666820616,"Data contain duplicated values: LSCV is not well-behaved in this case",-0.000310271148989345,-0.000275733141875873
"betweenness_1820_~_zipf_1940",0.99,0.570927600209619,0,"Data contain duplicated values: LSCV is not well-behaved in this case",-0.469848041904014,-5.41231077360327e-12
"betweenness_1820_~_spectral_diversity_1940",0.99,0.369085127169901,0,NA,-0.441361260394741,-3.87475633541629e-12
"betweenness_1820_~_entropy_1940",0.43686322478909,0.0700743187528541,0,NA,-0.0648316038483237,-9.02265652242266e-13
"zipf_1820_~_betweenness_1940",0.439675493619903,0.614415195255283,0,NA,-3.31807994054786e-08,-0.232790456596346
"zipf_1820_~_zipf_1940",0.478476401551848,0.468391399321387,0.112475802939584,NA,-0.122060948643955,-0.0895180009144827
"zipf_1820_~_spectral_diversity_1940",0.384886783358278,0.381372414204,0.295835143007245,NA,-0.00337463296589489,-0.0481319204242445
"zipf_1820_~_entropy_1940",0.276093619582743,0.2711871899489,0.453506795575608,NA,-0.0189076605089027,-0.0505389917671457
"spectral_diversity_1820_~_betweenness_1940",0.316950083259343,0.743557631452312,0,NA,-2.57316885668046e-08,-0.130748308661378
"spectral_diversity_1820_~_zipf_1940",0.33198824720452,0.336179794614009,0.746890746340571,NA,-0.0178878786629098,-0.0307229924925557
"spectral_diversity_1820_~_spectral_diversity_1940",0.703311452810016,0.6824709338324,0.448004017885475,NA,-0.00701705245911395,-0.0529920180840483
"entropy_1820_~_betweenness_1940",0.122194412091764,0.557318900205706,0.737046925648329,NA,-6.33162720202326e-09,-0.236645711250664
"entropy_1820_~_zipf_1940",0.271764726362874,0.288040062966172,0.954981448486465,NA,-0.0499923994704213,-0.0358660882432574
"entropy_1820_~_entropy_1940",0.503840641601684,0.485946413096093,0.106517260694407,NA,-0.111317450531968,-0.0795456888253559
"betweenness_1820_~_betweenness_1950",0.9668216185138,0.99,0,"Data contain duplicated values: LSCV is not well-behaved in this case",-4.29336729529678e-06,-1.90894913922901e-07
"betweenness_1820_~_zipf_1950",0.99,0.562669647000824,0,NA,-0.43877781373359,-5.12107517890813e-12
"betweenness_1820_~_spectral_diversity_1950",0.99,0.361982260289318,0,NA,-0.476224440058257,-3.65001295848101e-12
"betweenness_1820_~_entropy_1950",0.99,0.0648265568320971,0,NA,-0.191372239241139,-8.1229135330788e-13
"zipf_1820_~_betweenness_1950",0.450589603104998,0.636264271892891,0,NA,-1.92644109935858e-08,-0.256467607748535
"zipf_1820_~_zipf_1950",0.481610956942549,0.470536878510184,0.0988858276718101,NA,-0.118622668760113,-0.0850428545670246
"zipf_1820_~_spectral_diversity_1950",0.436080468166662,0.388350409521241,0.117799336930734,NA,-0.0220861678739092,-0.00430136495485736
"zipf_1820_~_entropy_1950",0.244962226517593,0.239246186638158,0.726541024689707,NA,-0.0476243843907198,-0.0421405429576706
"spectral_diversity_1820_~_betweenness_1950",0.320695329550136,0.761421769838629,0,NA,-1.25212458935214e-08,-0.160512965822189
"spectral_diversity_1820_~_zipf_1950",0.334703047682677,0.348776874777326,0.426863573655269,NA,-0.00396207219430117,-0.0327729628821399
"spectral_diversity_1820_~_spectral_diversity_1950",0.680158827269339,0.65191788268926,0.69152528286329,NA,-0.0144113950481311,-0.0569855873363459
"entropy_1820_~_betweenness_1950",0.165455152270156,0.6646686400157,0.849679305489685,NA,-9.83055333654044e-09,-0.178994028449537
"entropy_1820_~_zipf_1950",0.286704787398291,0.317163432645375,0.0848400206135664,NA,-0.0104021078024509,-0.0487927299942187
"entropy_1820_~_entropy_1950",0.533466959762694,0.513058681044691,0.0559805241019011,NA,-0.0923171934158673,-0.0519853642436347
"betweenness_1820_~_betweenness_1960",0.593595216769441,0.570470378389724,0.820266171007157,"Data contain duplicated values: LSCV is not well-behaved in this case",-0.0279422216479786,-0.0351433071715484
"betweenness_1820_~_zipf_1960",0.99,0.566791744841315,0,"Data contain duplicated values: LSCV is not well-behaved in this case",-0.385394241408632,-5.38241364037363e-12
"betweenness_1820_~_spectral_diversity_1960",0.99,0.367711710814462,0,NA,-0.415437431857651,-3.92490126181484e-12
"betweenness_1820_~_entropy_1960",0.556642596031684,0.0608492952001407,0,NA,-0.0870019430634347,-5.17400844601348e-11
"zipf_1820_~_betweenness_1960",0.429479510902934,0.597165407433136,0,NA,-1.52148207510521e-07,-0.24977731221303
"zipf_1820_~_zipf_1960",0.49056353652973,0.47907200601478,0.167989396044872,NA,-0.106299377453024,-0.0791386804075656
"zipf_1820_~_spectral_diversity_1960",0.357651439309808,0.338970914380434,0.605921662585639,NA,-0.0137513418407499,-0.0524743638244312
"zipf_1820_~_entropy_1960",0.206456816318039,0.19796655466132,0.103644818598924,NA,-0.0707959048709584,-0.0288486623978886
"spectral_diversity_1820_~_betweenness_1960",0.309759873793441,0.733610292012286,0,NA,-9.41426065312771e-08,-0.151031200767936
"spectral_diversity_1820_~_zipf_1960",0.305572235153647,0.307710185778004,0.849783690972821,NA,-0.0236717518397209,-0.03102675288574
"spectral_diversity_1820_~_spectral_diversity_1960",0.678287296810219,0.650326197533728,0.80048440682403,NA,-0.0176053515212709,-0.0549465809241238
"entropy_1820_~_betweenness_1960",0.169817508659813,0.603792813287419,0.762312299242813,NA,-5.07780306331496e-08,-0.207434057923774
"entropy_1820_~_zipf_1960",0.26097421286181,0.276582087177043,0.849965558141552,NA,-0.0388881437528877,-0.0305138873264147
"entropy_1820_~_entropy_1960",0.471143350558544,0.461519571863154,0.255272674403589,NA,-0.106253639235784,-0.0801502186710043
"betweenness_1820_~_betweenness_1970",0.946452265358077,0.963239755744848,0.210920149736613,NA,-5.97851761551368e-06,-1.66907783817393e-07
"betweenness_1820_~_zipf_1970",0.99,0.551279426031062,0,"Data contain duplicated values: LSCV is not well-behaved in this case",-0.333231621381761,-5.48620722322447e-12
"betweenness_1820_~_spectral_diversity_1970",0.99,0.376296687044861,0,NA,-0.469477103270217,-3.78148775048871e-12
"betweenness_1820_~_entropy_1970",0.579684102117191,0.0596652715713353,0,NA,-0.0857588151957999,-7.77564320593226e-13
"zipf_1820_~_betweenness_1970",0.417493998148178,0.589165918482982,0,NA,-4.10908669970298e-07,-0.232121513616728
"zipf_1820_~_zipf_1970",0.478451068009674,0.466876929289901,0.162226970217721,NA,-0.106899272151451,-0.0792620310490098
"zipf_1820_~_spectral_diversity_1970",0.427667781339108,0.381571903214879,0.185497764807747,NA,-0.0188286194923164,-0.00840518809784452
"zipf_1820_~_entropy_1970",0.222561990519581,0.218125521864247,0.722181036140768,NA,-0.0471198592736967,-0.0403356410404597
"spectral_diversity_1820_~_betweenness_1970",0.269135727902857,0.71507100759259,0,NA,-2.7232228132952e-07,-0.131972149065103
"spectral_diversity_1820_~_zipf_1970",0.297342427416409,0.297727099505743,0.905876171978725,NA,-0.0321939082348959,-0.0261449360712767
"spectral_diversity_1820_~_spectral_diversity_1970",0.679480659800526,0.651073633799419,0.94140009805923,NA,-0.0183454764113123,-0.0494380939425022
"entropy_1820_~_betweenness_1970",0.196827022023287,0.631547782075948,0.811074082792044,NA,-2.35357008889939e-07,-0.130025948403852
"entropy_1820_~_zipf_1970",0.253045881347011,0.268598054307336,0.895375741783619,NA,-0.0404039381437843,-0.0298033733326359
"entropy_1820_~_entropy_1970",0.487751932735269,0.46419261880142,0.231393729687439,NA,-0.0893326124588692,-0.0734593774096584
"betweenness_1820_~_betweenness_1980",0.928462331880558,0.980727739822972,2.33573935970455e-07,"Data contain duplicated values: LSCV is not well-behaved in this case",-2.50677566412924e-06,-3.80204519497412e-07
"betweenness_1820_~_zipf_1980",0.99,0.531520795053016,0,"Data contain duplicated values: LSCV is not well-behaved in this case",-0.266231584573417,-4.92960483967678e-12
"betweenness_1820_~_spectral_diversity_1980",0.99,0.380000935428507,0,NA,-0.396175344090779,-3.87877005744022e-12
"betweenness_1820_~_entropy_1980",0.156282651697228,0.0570607814939928,3.1777328034277e-05,NA,-0.0214848383366026,-8.0391260064805e-13
"zipf_1820_~_betweenness_1980",0.397077171401056,0.55979188978081,0,NA,-3.83764566348456e-07,-0.259421290003462
"zipf_1820_~_zipf_1980",0.51778612268056,0.504240775200171,0.401772954602188,NA,-0.08039691600893,-0.0696773070193196
"zipf_1820_~_spectral_diversity_1980",0.355704740616521,0.336862957725782,0.554703894642501,NA,-0.0152967188567237,-0.0566957453856167
"zipf_1820_~_entropy_1980",0.230944378288887,0.221524945716725,0.259420882266432,NA,-0.0503182887900746,-0.0202166633300411
"spectral_diversity_1820_~_betweenness_1980",0.299998556875866,0.701214769449672,0,NA,-5.88462582192483e-07,-0.102842977352644
"spectral_diversity_1820_~_zipf_1980",0.298844851441239,0.297202662696905,0.961335950036875,NA,-0.0250917581783127,-0.0290835362407767
"spectral_diversity_1820_~_spectral_diversity_1980",0.664464750844364,0.638522701759108,0.702709963686939,NA,-0.0203618649649605,-0.0599613215922055
"entropy_1820_~_betweenness_1980",0.174119661281151,0.575366942851411,0.789604608199749,NA,-2.17173428519801e-07,-0.178866523791776
"entropy_1820_~_zipf_1980",0.246693176675255,0.260466146843565,0.940511107175535,NA,-0.0442155281894346,-0.0276823742572625
"entropy_1820_~_entropy_1980",0.518627748892611,0.504164472502709,0.686299508354986,NA,-0.0650881870210172,-0.065402775439353
"betweenness_1820_~_betweenness_1990",0.884719043227281,0.99,0,NA,-2.97609060123288e-06,-3.37501513098879e-06
"betweenness_1820_~_zipf_1990",0.99,0.494757562755229,0,"Data contain duplicated values: LSCV is not well-behaved in this case",-0.228231236329418,-4.77215816559205e-12
"betweenness_1820_~_spectral_diversity_1990",0.99,0.336901876173376,0,NA,-0.349676718988767,-3.63014286960294e-12
"betweenness_1820_~_entropy_1990",0.174720388958021,0.0511381542740531,4.13265239807004e-08,NA,-0.0259506692033085,-6.66903404328493e-13
"zipf_1820_~_betweenness_1990",0.422327872351132,0.583689860449575,0,NA,-1.20050965158208e-06,-0.235205877404815
"zipf_1820_~_zipf_1990",0.434153744047792,0.4254390068991,0.411295105147051,NA,-0.0996663251612713,-0.0847724590956196
"zipf_1820_~_spectral_diversity_1990",0.316975356011457,0.301272852342016,0.381133623435056,NA,-0.0103794055517373,-0.0590091605921804
"zipf_1820_~_entropy_1990",0.209632096182353,0.203095521001194,0.239049214659822,NA,-0.0530518168576106,-0.0220016341438592
"spectral_diversity_1820_~_betweenness_1990",0.293154670121907,0.696076678669022,0,NA,-8.3279823629005e-07,-0.136673857301398
"spectral_diversity_1820_~_zipf_1990",0.285010155193966,0.288012568989443,0.66670313582138,NA,-0.0168087497778437,-0.0346238496304337
"spectral_diversity_1820_~_spectral_diversity_1990",0.640425922410488,0.611674761950092,0.904748593665326,NA,-0.0201974337661468,-0.0440383383764315
"entropy_1820_~_betweenness_1990",0.194925160281455,0.593324735480476,0.839805424558389,NA,-6.82831455967942e-07,-0.163706029773819
"entropy_1820_~_zipf_1990",0.237095449984877,0.249037381835438,0.923062345445085,NA,-0.0430961759716156,-0.0276298369561076
"entropy_1820_~_entropy_1990",0.458057215347926,0.437155680565253,0.159483641824966,NA,-0.0917668267828188,-0.0642700416594034
"betweenness_1830_~_betweenness_1840",0.802840871418665,0.820416713026552,0.61869077269117,"Data contain duplicated values: LSCV is not well-behaved in this case",-0.126727623975258,-0.124733949227282
"betweenness_1830_~_zipf_1840",0,0.614847050525327,0,"Data contain duplicated values: LSCV is not well-behaved in this case",0.0928927405700991,-5.06193076583181e-12
"betweenness_1830_~_spectral_diversity_1840",0.121217696935649,0.375107960050976,0.0160119575576827,NA,-0.017962931454472,-3.80821581956291e-12
"betweenness_1830_~_entropy_1840",0.2201266127914,0.088249099616478,1.01386832085382e-06,NA,-0.0525321170557494,-6.94550351170538e-13
"zipf_1830_~_betweenness_1840",0.655740923188223,0.896229125731681,0.980151449441488,"Data contain duplicated values: LSCV is not well-behaved in this case",-5.16274364893235e-12,-0.13613717580362
"zipf_1830_~_zipf_1840",0.756382172303407,0.75619232688911,0.176004226426055,NA,-0.0917368461226102,-0.109805616354674
"zipf_1830_~_spectral_diversity_1840",0.487752543442342,0.485448123737316,0.439208337768041,NA,-0.0213289486478345,-0.0562749147568693
"zipf_1830_~_entropy_1840",0.339898927614248,0.317831727365583,0.944581464164268,NA,-0.0491427605542403,-0.0687834689776203
"spectral_diversity_1830_~_betweenness_1840",0.422196533915274,0.99,0.562660797027634,NA,-3.75279376016305e-12,-0.237623119704993
"spectral_diversity_1830_~_zipf_1840",0.576470369244468,0.5850649701658,0.991960506268401,NA,-0.0151176271431971,-0.00708138645128626
"spectral_diversity_1830_~_spectral_diversity_1840",0.95504890126647,0.954896929206882,0.267382693628121,NA,-0.0160787809878084,-0.010065297699263
"entropy_1830_~_betweenness_1840",0.119706547136591,0.99,0.967455532144466,NA,-4.94239789878783e-11,-0.160369330788625
"entropy_1830_~_zipf_1840",0.353234995695191,0.380918147605068,0.45986360862014,NA,-0.0551981331688071,-0.0542733950778619
"entropy_1830_~_entropy_1840",0.665666190881209,0.666745922708887,0.892008757207268,NA,-0.124044498731636,-0.125332380279819
"betweenness_1830_~_betweenness_1850",0.99,0.99,0.996817214971074,"Data contain duplicated values: LSCV is not well-behaved in this case",-1.02290128656705e-06,-1.39318068758431e-07
"betweenness_1830_~_zipf_1850",0,0.634198724427356,0,"Data contain duplicated values: LSCV is not well-behaved in this case",0.179158483246538,-5.24297005376769e-12
"betweenness_1830_~_spectral_diversity_1850",0.0783720866386421,0.389033773489972,0.00302642527868735,NA,-0.0113649518892208,-3.99734961291546e-12
"betweenness_1830_~_entropy_1850",0.99,0.0999971079457397,0,NA,-0.215814162119924,-1.24668309872545e-12
"zipf_1830_~_betweenness_1850",0.660448785268133,0,0.380473608704625,NA,-4.39826126969196e-09,0.076200783271471
"zipf_1830_~_zipf_1850",0.744802991858062,0.745541927387757,0.182948467940361,NA,-0.11086962560456,-0.0916420388963643
"zipf_1830_~_spectral_diversity_1850",0.476727207394105,0.474811756959687,0.522117182169417,NA,-0.0266497396426085,-0.0558893948373951
"zipf_1830_~_entropy_1850",0.345014719589855,0.320978588353295,0.950820623070226,NA,-0.0444997588168727,-0.0707918767062729
"spectral_diversity_1830_~_betweenness_1850",0.412377164823876,0,0.342618625739175,NA,-1.84871636038621e-11,0.00670498052032288
"spectral_diversity_1830_~_zipf_1850",0.567238719146628,0.577344986628908,0.97677832924053,NA,-0.0190437002741134,-0.0073104850098671
"spectral_diversity_1830_~_spectral_diversity_1850",0.956633650488171,0.956005644865141,0.627405571267302,NA,-0.0123705863059068,-0.0104156996902594
"entropy_1830_~_betweenness_1850",0.0786431618985083,0.472758338964534,0.154861383185385,NA,-1.49891511718032e-10,-0.2778225921804
"entropy_1830_~_zipf_1850",0.33485742233909,0.360547650250634,0.767303889878785,NA,-0.0683693510125304,-0.0531614186457308
"entropy_1830_~_entropy_1850",0.657648770254798,0.658171913336717,0.82052791193405,NA,-0.130346323242177,-0.125810729007309
"betweenness_1830_~_betweenness_1860",0.762480553307419,0.796043620366414,0.331893649759803,"Data contain duplicated values: LSCV is not well-behaved in this case",-0.113485774054554,-0.113491616841249
"betweenness_1830_~_zipf_1860",0,0.646604430840143,0,NA,0.173058737496592,-5.35619958490335e-12
"betweenness_1830_~_spectral_diversity_1860",0.158680358593216,0.393943124984894,0.0382025314783951,NA,-0.0249206105850831,-3.71557213347753e-12
"betweenness_1830_~_entropy_1860",0.99,0.102265547706265,0,NA,-0.177096115605026,-1.30625482724606e-12
"zipf_1830_~_betweenness_1860",0.606277582058578,0,0.58796196665461,NA,-5.12367684537992e-09,0.0532630455350283
"zipf_1830_~_zipf_1860",0.693413693886295,0.69561490054019,0.573032712801914,NA,-0.111144675085923,-0.11805010007046
"zipf_1830_~_spectral_diversity_1860",0.542813991903118,0.529400978574667,0.742228539073853,NA,-0.0123388746661205,-0.0102843756354938
"zipf_1830_~_entropy_1860",0.385122518141239,0.362596022597604,0.553045565146925,NA,-0.0513985760590249,-0.0528289428801536
"spectral_diversity_1830_~_betweenness_1860",0.425867341238056,0.802260193433701,0.00859300563832099,NA,-3.05098053044978e-09,-0.0475751300343006
"spectral_diversity_1830_~_zipf_1860",0.55270478091389,0.566379899469611,0.858045477355461,NA,-0.0109455419789768,-0.00746105012557827
"spectral_diversity_1830_~_spectral_diversity_1860",0.933736243069482,0.930389698942964,0.374480194314831,NA,-0.0156829334265602,-0.0113918352528506
"entropy_1830_~_betweenness_1860",0.0973721793042134,0.181187621609289,0.632602402206868,NA,-6.86578611871596e-10,-0.0711605957132275
"entropy_1830_~_zipf_1860",0.3270691952706,0.356494900640288,0.581618076344817,NA,-0.0586104335572634,-0.0487929652259787
"entropy_1830_~_entropy_1860",0.792343778735858,0.798348636387332,0.222202365885019,NA,-0.0562792372220037,-0.0674348559028883
"betweenness_1830_~_betweenness_1870",0.986261527668059,0.99,0.0532103397063795,"Data contain duplicated values: LSCV is not well-behaved in this case",-3.98010040692621e-05,-3.53180649865536e-05
"betweenness_1830_~_zipf_1870",0,0.630083184076302,0,NA,0.461685287331889,-4.9841086584283e-12
"betweenness_1830_~_spectral_diversity_1870",0,0.390949991990195,8.67706766389809e-05,NA,0.00820516196733892,-3.85199142380981e-12
"betweenness_1830_~_entropy_1870",0.99,0.102892127931655,0,NA,-0.165405072332702,-1.31558405898749e-12
"zipf_1830_~_betweenness_1870",0.6605129088612,0.99,0.439191428384043,NA,-7.02510899430907e-09,-0.162969944842057
"zipf_1830_~_zipf_1870",0.648386650728107,0.647239953383368,0.585754748118109,NA,-0.123032964679191,-0.133869112055709
"zipf_1830_~_spectral_diversity_1870",0.51554611046464,0.511450667110566,0.891625065350266,NA,-0.0104261270337499,-0.0207690311376991
"zipf_1830_~_entropy_1870",0.337916456155248,0.317279383192941,0.621283010591401,NA,-0.0574310206878332,-0.0602990175262696
"spectral_diversity_1830_~_betweenness_1870",0.412776991042581,0.845332015550253,1.13950374247551e-07,NA,-2.88139045004575e-09,-0.124113773447075
"spectral_diversity_1830_~_zipf_1870",0.540160545022659,0.545098985260865,0.959278656896617,NA,-0.0158170921249911,-0.00801387663720249
"spectral_diversity_1830_~_spectral_diversity_1870",0.918624911861991,0.912329921891198,0.362769120077735,NA,-0.0186174622505893,-0.0150411156915154
"entropy_1830_~_betweenness_1870",0.103151186393115,0.528149805206675,0.0130555968854493,NA,-6.36204278866178e-10,-0.257195939195486
"entropy_1830_~_zipf_1870",0.320627515194918,0.349253484397696,0.729165357229624,NA,-0.057471698933321,-0.0413585481343418
"entropy_1830_~_entropy_1870",0.62705407936805,0.628430648094867,0.982306106871641,NA,-0.131806210046482,-0.130876088949626
"betweenness_1830_~_betweenness_1880",0.740078200736158,0.777122824122041,0.230623846232323,"Data contain duplicated values: LSCV is not well-behaved in this case",-0.0926520518337931,-0.0993858284839661
"betweenness_1830_~_zipf_1880",0.957562204722028,0.64385433608774,0,NA,-0.136884094868392,-5.73448425866505e-12
"betweenness_1830_~_spectral_diversity_1880",0.0594155022832693,0.377724699748274,0.00197237334625866,NA,-0.00932562279106691,-3.57793138326145e-12
"betweenness_1830_~_entropy_1880",0.99,0.0982983523289436,0,NA,-0.20443473759027,-1.25597005791495e-12
"zipf_1830_~_betweenness_1880",0.706543496856171,0.839294621415105,0,NA,-6.43731688059513e-08,-0.0901342061148207
"zipf_1830_~_zipf_1880",0.675280701434507,0.674502423206794,0.526496218123377,NA,-0.105583855154148,-0.117360453243256
"zipf_1830_~_spectral_diversity_1880",0.484581256432574,0.487063650135718,0.544286165447009,NA,-0.0131504575361267,-0.0374512986469105
"zipf_1830_~_entropy_1880",0.34043199492544,0.326183976127384,0.727292395335587,NA,-0.0454256315212814,-0.0467376563615702
"spectral_diversity_1830_~_betweenness_1880",0.429786598110136,0.890719152543887,0,NA,-2.58796798517475e-08,-0.0386298468375425
"spectral_diversity_1830_~_zipf_1880",0.529253245630691,0.539048550621941,0.895521280955783,NA,-0.0125995955722345,-0.0101991994398547
"spectral_diversity_1830_~_spectral_diversity_1880",0.900400438258435,0.89640056874975,0.219822012662648,NA,-0.0263564228855058,-0.0136264716602585
"entropy_1830_~_betweenness_1880",0.136239330677878,0.625945932509636,0,NA,-9.69143404702596e-09,-0.19191197946431
"entropy_1830_~_zipf_1880",0.325418845214619,0.354933679073731,0.561717361701383,NA,-0.0535091595082071,-0.0449636731804122
"entropy_1830_~_entropy_1880",0.657188993271543,0.657387974926735,0.618903822082832,NA,-0.123875637819878,-0.114109716702774
"betweenness_1830_~_betweenness_1890",0.989165283869253,0.99,0.87369754230197,"Data contain duplicated values: LSCV is not well-behaved in this case",-2.97434691739734e-06,-1.02781652914558e-06
"betweenness_1830_~_zipf_1890",0.395598012228537,0.641114691269298,2.82262728745764e-08,NA,-0.0583684234932308,-5.51674501218722e-12
"betweenness_1830_~_spectral_diversity_1890",0,0.40343459223667,4.92600728008163e-05,NA,0.012139083942035,-4.07960863766437e-12
"betweenness_1830_~_entropy_1890",0.99,0.098429147795203,0,NA,-0.178594588063743,-1.25974397309063e-12
"zipf_1830_~_betweenness_1890",0.693779697125979,0.819142603906959,0,NA,-1.33804231824157e-07,-0.118778528985858
"zipf_1830_~_zipf_1890",0.871494619855855,0.86882032791958,0.864052445225436,NA,-0.0182896569749542,-0.022891352443847
"zipf_1830_~_spectral_diversity_1890",0.468553356592195,0.462953252422066,0.808073755373522,NA,-0.0295473467247523,-0.0452724627115169
"zipf_1830_~_entropy_1890",0.351399514841523,0.331301137517511,0.620413946520865,NA,-0.0512318243688843,-0.0537775483150104
"spectral_diversity_1830_~_betweenness_1890",0.411409592978223,0.881817366391254,0,NA,-5.10591484401162e-08,-0.0450226247631534
"spectral_diversity_1830_~_zipf_1890",0.505855572746746,0.512343416935553,0.976201633227315,NA,-0.0171788054046019,-0.0123533244585871
"spectral_diversity_1830_~_spectral_diversity_1890",0.907423937956496,0.903940029628752,0.223743709093188,NA,-0.0220139533468814,-0.00986973746439089
"entropy_1830_~_betweenness_1890",0.188556127232292,0.702072098426339,0,NA,-4.95440723263984e-08,-0.110936314193964
"entropy_1830_~_zipf_1890",0.330547880289156,0.359971590340794,0.620011854212761,NA,-0.0559834482555032,-0.0443993172276442
"entropy_1830_~_entropy_1890",0.656057714222736,0.654914025155346,0.866878707812177,NA,-0.112591124248804,-0.110322001539022
"betweenness_1830_~_betweenness_1900",0.99,0.985836795031523,0.391646476281562,NA,-2.0665962187217e-05,-3.65812331753298e-08
"betweenness_1830_~_zipf_1900",0,0.621278961508823,0,"Data contain duplicated values: LSCV is not well-behaved in this case",0.838365868351599,-4.71959438682226e-12
"betweenness_1830_~_spectral_diversity_1900",0,0.388879560035984,3.42694108561581e-05,NA,0.0423939030911171,-3.83691026612656e-12
"betweenness_1830_~_entropy_1900",0.99,0.0983236739310371,0,NA,-0.224201428541818,-1.25543784714387e-12
"zipf_1830_~_betweenness_1900",0.676475862291813,0.808536719219664,0,NA,-2.46669458557866e-07,-0.111542532446448
"zipf_1830_~_zipf_1900",0.753442274981764,0.748848088062993,0.0192685485325605,NA,-0.0418361851027066,-0.0853364605970125
"zipf_1830_~_spectral_diversity_1900",0.490440225100075,0.484256173937393,0.915280017301513,NA,-0.0155427606056504,-0.02625187619363
"zipf_1830_~_entropy_1900",0.368508409557653,0.346857171326904,0.601116199925172,NA,-0.048402494745446,-0.0515473688177621
"spectral_diversity_1830_~_betweenness_1900",0.421621517571543,0.878342197801741,0,NA,-8.81548800505716e-08,-0.0427103695540574
"spectral_diversity_1830_~_zipf_1900",0.467240804846631,0.4694741279706,0.759752932852798,NA,-0.0302659392063248,-0.0111498908371317
"spectral_diversity_1830_~_spectral_diversity_1900",0.87412402078202,0.867234434425682,0.602573983164128,NA,-0.0163127688275344,-0.0131661712458998
"entropy_1830_~_betweenness_1900",0.176660319770098,0.642752518926683,0,NA,-8.41872063019631e-08,-0.154578472523892
"entropy_1830_~_zipf_1900",0.301709640085782,0.328276689836798,0.736438256197689,NA,-0.0606978155517536,-0.0458346158670576
"entropy_1830_~_entropy_1900",0.554737515873717,0.555135437227782,0.851897099274688,NA,-0.149257061173796,-0.14468113771887
"betweenness_1830_~_betweenness_1910",0.984237188535229,0.985173445281032,0.869939690220904,"Data contain duplicated values: LSCV is not well-behaved in this case",-6.05837468324808e-06,-2.55230493275171e-07
"betweenness_1830_~_zipf_1910",0,0.622188968148025,0,"Data contain duplicated values: LSCV is not well-behaved in this case",0.923540875807585,-4.7177165038956e-12
"betweenness_1830_~_spectral_diversity_1910",0,0.379160877311353,0.000103015872378487,NA,0.0258239132646814,-3.85291945133647e-12
"betweenness_1830_~_entropy_1910",0.99,0.0905060939787884,0,NA,-0.270705864749185,-8.68239051556245e-13
"zipf_1830_~_betweenness_1910",0.622853178419257,0.752340097119901,0,NA,-1.95541874199577e-07,-0.149059759465079
"zipf_1830_~_zipf_1910",0.646590772410504,0.642214990880394,0.528188414351246,NA,-0.0889549775466009,-0.106268319645087
"zipf_1830_~_spectral_diversity_1910",0.432699622903099,0.43726385968753,0.247104099034415,NA,-0.0130398582111909,-0.0559826080896756
"zipf_1830_~_entropy_1910",0.35372053949056,0.329751523991901,0.891946390285875,NA,-0.0401445137100307,-0.0594603230242674
"spectral_diversity_1830_~_betweenness_1910",0.377096153029709,0.851831303502732,0,NA,-6.95419122587975e-08,-0.0671178676999231
"spectral_diversity_1830_~_zipf_1910",0.425410488525982,0.425656091190212,0.542572010563859,NA,-0.0430966647296881,-0.0105513900013401
"spectral_diversity_1830_~_spectral_diversity_1910",0.844505092214282,0.834773386786366,0.460409768399199,NA,-0.017307250949559,-0.00930727179001802
"entropy_1830_~_betweenness_1910",0.153345317937633,0.633551474624571,0,NA,-2.48557129113655e-08,-0.221126613326648
"entropy_1830_~_zipf_1910",0.29107649703345,0.320168035738741,0.567795675522046,NA,-0.0581558425502701,-0.048805028432088
"entropy_1830_~_entropy_1910",0.517437683350927,0.517784446804417,0.966312115467075,NA,-0.152386601042632,-0.153029668264082
"betweenness_1830_~_betweenness_1920",0.986445316738207,0.989567996830957,0.464574268955934,"Data contain duplicated values: LSCV is not well-behaved in this case",-2.92555189346746e-06,-1.80254128314342e-07
"betweenness_1830_~_zipf_1920",0,0.620701535135197,0,"Data contain duplicated values: LSCV is not well-behaved in this case",0.242209325750497,-5.15846889771576e-12
"betweenness_1830_~_spectral_diversity_1920",0,0.376175161262425,0.00014252623348443,NA,0.0237017930116186,-3.7329911125433e-12
"betweenness_1830_~_entropy_1920",0.99,0.0971549582503729,0,NA,-0.301227646553518,-1.24393044520518e-12
"zipf_1830_~_betweenness_1920",0.574442964352352,0.744618272647893,0,NA,-4.02994631132246e-08,-0.170549598099106
"zipf_1830_~_zipf_1920",0.702944189028395,0.697568659073036,0.100177212240916,NA,-0.0769057797999613,-0.0490826042038349
"zipf_1830_~_spectral_diversity_1920",0.435588105046422,0.432065450009512,0.572432349156606,NA,-0.0182371562108085,-0.0446163949988671
"zipf_1830_~_entropy_1920",0.32210780663321,0.304687258728526,0.566915548144988,NA,-0.050730061804337,-0.0481580113960605
"spectral_diversity_1830_~_betweenness_1920",0.353179195850689,0.859060998736756,0,NA,-2.64921472742224e-08,-0.0596382258277157
"spectral_diversity_1830_~_zipf_1920",0.423483170241076,0.426925989245422,0.778842497164459,NA,-0.0306698672516819,-0.0118588670245581
"spectral_diversity_1830_~_spectral_diversity_1920",0.840436060042277,0.829771229853859,0.565174730340304,NA,-0.013105395593387,-0.00947683211998862
"entropy_1830_~_betweenness_1920",0.148724141760495,0.612322785674514,0,NA,-1.37612419189788e-08,-0.222954795400033
"entropy_1830_~_zipf_1920",0.298087158040311,0.326335808305079,0.423868317845107,NA,-0.0496769348421123,-0.049231880776076
"entropy_1830_~_entropy_1920",0.597945962845237,0.596082300941834,0.404018971674001,NA,-0.128292841451534,-0.112125231111056
"betweenness_1830_~_betweenness_1930",0.968734473400589,0.99,2.26485497023532e-14,"Data contain duplicated values: LSCV is not well-behaved in this case",-1.54591534029598e-06,-5.57690059875518e-06
"betweenness_1830_~_zipf_1930",0,0.610509067085934,0,NA,0.680904643934658,-4.80118712012933e-12
"betweenness_1830_~_spectral_diversity_1930",0,0.370770479653853,6.96255827798975e-05,NA,0.0386953363222535,-3.5285287893717e-12
"betweenness_1830_~_entropy_1930",0.99,0.0900112789507068,0,NA,-0.171172399322608,-1.15669824319301e-12
"zipf_1830_~_betweenness_1930",0.625981243419339,0.781622850692131,2.1462320365373e-08,"Data contain duplicated values: LSCV is not well-behaved in this case",-1.20947700150234e-08,-0.121174750313083
"zipf_1830_~_zipf_1930",0.637838004491448,0.627953725164102,0.0394062734766498,"Data contain duplicated values: LSCV is not well-behaved in this case",-0.0938986799671741,-0.054194774959029
"zipf_1830_~_spectral_diversity_1930",0.416639937412749,0.414543768313645,0.310995753561542,NA,-0.00900456876717753,-0.0524606987472315
"zipf_1830_~_entropy_1930",0.30462303055931,0.285587719758843,0.346730062833075,NA,-0.0569048758715967,-0.0426555107194742
"spectral_diversity_1830_~_betweenness_1930",0.350151999625766,0.872083526140359,0,NA,-6.84398275857084e-09,-0.0681314581007938
"spectral_diversity_1830_~_zipf_1930",0.39802761568873,0.399652922908792,0.688725907130478,NA,-0.0328159907821936,-0.00967744706694613
"spectral_diversity_1830_~_spectral_diversity_1930",0.796020965502992,0.78021423780468,0.507973520020253,NA,-0.0123589937152614,-0.00833429533782252
"entropy_1830_~_betweenness_1930",0.111219000832691,0.517995152115917,0,NA,-2.09179325684721e-09,-0.31701602313623
"entropy_1830_~_zipf_1930",0.286524043345731,0.328986115891513,0.000644868149988431,NA,-0.00989606693517127,-0.0864815568498591
"entropy_1830_~_entropy_1930",0.554993327616081,0.554566535609165,0.951409915520578,NA,-0.115038968916056,-0.113924503162086
"betweenness_1830_~_betweenness_1940",0.976714592838504,0.984104570318786,0.168955850734974,"Data contain duplicated values: LSCV is not well-behaved in this case",-9.70720351508647e-06,-1.70333792669239e-07
"betweenness_1830_~_zipf_1940",0,0.614489713879954,0,NA,0.0450991983192314,-5.41196581535898e-12
"betweenness_1830_~_spectral_diversity_1940",0,0.37543334148662,6.03568343733318e-05,NA,0.0404741877219355,-3.74209462636295e-12
"betweenness_1830_~_entropy_1940",0.99,0.0932588500210053,0,NA,-0.217402997712731,-1.19359307676201e-12
"zipf_1830_~_betweenness_1940",0.607657437316543,0.766749039377926,0,NA,-4.14512347781423e-08,-0.117500327327283
"zipf_1830_~_zipf_1940",0.528073882627882,0.523656377041803,0.0220514610777869,NA,-0.139956535691315,-0.0880145098987736
"zipf_1830_~_spectral_diversity_1940",0.426160309376051,0.435383392947273,0.166191347673394,NA,-0.00329359415812035,-0.0511692266905128
"zipf_1830_~_entropy_1940",0.345341328516523,0.328173767227163,0.948359713484473,NA,-0.0306498891274791,-0.0453346656640287
"spectral_diversity_1830_~_betweenness_1940",0.366357515336197,0.856985421958937,0,NA,-2.18227131537873e-08,-0.0488097468700093
"spectral_diversity_1830_~_zipf_1940",0.391267222347964,0.394176938188284,0.803255982237139,NA,-0.0250189937015539,-0.00863776786879056
"spectral_diversity_1830_~_spectral_diversity_1940",0.799319781869884,0.790964099687934,0.758499323377761,NA,-0.00748537302725277,-0.00733040313608206
"entropy_1830_~_betweenness_1940",0.112646459813796,0.523306484093661,0,NA,-7.59096711395692e-09,-0.287880885853649
"entropy_1830_~_zipf_1940",0.299525660616297,0.342915382834749,0.00507944924746195,NA,-0.0122423833312045,-0.0693624987090906
"entropy_1830_~_entropy_1940",0.625356363104046,0.623062971782443,0.180859292276867,NA,-0.11569562898681,-0.0868467815934411
"betweenness_1830_~_betweenness_1950",0.774007704796246,0.754196654378955,0.557830008713812,"Data contain duplicated values: LSCV is not well-behaved in this case",-0.0253708941379358,-0.0208626968686264
"betweenness_1830_~_zipf_1950",0,0.602630339820388,0,NA,0.241754941692415,-5.07163220087266e-12
"betweenness_1830_~_spectral_diversity_1950",0,0.375450888094338,6.78801863909229e-05,NA,0.0405815657362589,-3.60434751799234e-12
"betweenness_1830_~_entropy_1950",0.99,0.0862060911342833,0,NA,-0.266887481398421,-1.05623434709296e-12
"zipf_1830_~_betweenness_1950",0.566706717707751,0.7345755099868,0,NA,-2.28176088529251e-08,-0.183474441410081
"zipf_1830_~_zipf_1950",0.579795469418599,0.573785799186685,0.00709334609267387,NA,-0.121301576327496,-0.0615687666629842
"zipf_1830_~_spectral_diversity_1950",0.410315652252103,0.400858361877521,0.515195054893511,NA,-0.0164194064465257,-0.0516741192375784
"zipf_1830_~_entropy_1950",0.308599086537735,0.292626864056974,0.499142576955365,NA,-0.0540207721588693,-0.0468861459450565
"spectral_diversity_1830_~_betweenness_1950",0.367727284058034,0.861790852809706,0,NA,-1.17911565707023e-08,-0.0771099479645352
"spectral_diversity_1830_~_zipf_1950",0.389916899265958,0.40115575438028,0.807015200482169,NA,-0.00943413762458761,-0.0117474336781806
"spectral_diversity_1830_~_spectral_diversity_1950",0.779408513480317,0.770039727093982,0.914972444147079,NA,-0.00867070961923533,-0.014886330858825
"entropy_1830_~_betweenness_1950",0.132380049845172,0.570601795002144,0,NA,-1.88331963192314e-08,-0.267765830429811
"entropy_1830_~_zipf_1950",0.298876944817568,0.342803645295606,0.0137709047107084,NA,-0.0122900280760377,-0.0574715856249792
"entropy_1830_~_entropy_1950",0.584633840368561,0.588173256061659,0.982234852069225,NA,-0.105668908656668,-0.10158908980513
"betweenness_1830_~_betweenness_1960",0.976059438510605,0.97913893695161,0.671893779319967,NA,-7.0581313931499e-06,-1.05436249497057e-07
"betweenness_1830_~_zipf_1960",0,0.601482221085725,0,"Data contain duplicated values: LSCV is not well-behaved in this case",0.0290189588015241,-5.29060694162895e-12
"betweenness_1830_~_spectral_diversity_1960",0,0.373955144552637,7.85965267626754e-05,NA,0.0371169964485234,-3.70449360046313e-12
"betweenness_1830_~_entropy_1960",0.99,0.0813561297434131,0,NA,-0.194751138264748,-1.01550548814801e-12
"zipf_1830_~_betweenness_1960",0.533984537832347,0.687082044292263,0,NA,-2.16494523556889e-07,-0.189357229881291
"zipf_1830_~_zipf_1960",0.718603313369894,0.707445466493728,0.249183871661821,"Data contain duplicated values: LSCV is not well-behaved in this case",-0.0323375275696969,-0.0153764675338432
"zipf_1830_~_spectral_diversity_1960",0.394287457480098,0.384880767505105,0.507615049910926,NA,-0.018114706637552,-0.0542377028502656
"zipf_1830_~_entropy_1960",0.276722598669585,0.256693342594328,0.327564361283042,NA,-0.0566357403164278,-0.0421577250736342
"spectral_diversity_1830_~_betweenness_1960",0.359694188297393,0.821397833448462,0,NA,-1.2297363622522e-07,-0.082204905846993
"spectral_diversity_1830_~_zipf_1960",0.368410203982789,0.371094718599669,0.739541342742987,NA,-0.0273323503864862,-0.00724859848651577
"spectral_diversity_1830_~_spectral_diversity_1960",0.776623149432384,0.765195929869315,0.508103501199017,NA,-0.0158514933711251,-0.00597848647898497
"entropy_1830_~_betweenness_1960",0.15007204754197,0.563677019700055,0,NA,-5.28117325387057e-08,-0.266082730339985
"entropy_1830_~_zipf_1960",0.262859850883791,0.294156949101542,0.175784951098519,NA,-0.0360586288172193,-0.0507723240923832
"entropy_1830_~_entropy_1960",0.583292704278087,0.588051222662161,0.228021433842974,NA,-0.121983562757781,-0.0873783218371747
"betweenness_1830_~_betweenness_1970",0.882079485951708,0.824666014834484,0.186367703468979,NA,-8.74905572092579e-05,-7.92008165157565e-05
"betweenness_1830_~_zipf_1970",0.99,0.588840217548509,0,"Data contain duplicated values: LSCV is not well-behaved in this case",-0.229129900237473,-5.51459017969655e-12
"betweenness_1830_~_spectral_diversity_1970",0.623864423041206,0.384692434811159,0.00160505267412736,NA,-0.0906402736287206,-7.53781606474498e-06
"betweenness_1830_~_entropy_1970",0.99,0.0807876353685754,0,NA,-0.208280260874094,-1.04185808506868e-12
"zipf_1830_~_betweenness_1970",0.516528128226947,0.691052216334102,0,NA,-2.81638695520692e-07,-0.180968040038482
"zipf_1830_~_zipf_1970",0.6987382869458,0.687546309254427,0.151313789340015,NA,-0.03990504290813,-0.0153313930501121
"zipf_1830_~_spectral_diversity_1970",0.410217636058421,0.406527732924537,0.215854674757849,NA,-0.00593166384387022,-0.0603536787979869
"zipf_1830_~_entropy_1970",0.284534419969609,0.269714040574167,0.446567520919079,NA,-0.0543880011933356,-0.0434741493604749
"spectral_diversity_1830_~_betweenness_1970",0.312391354467402,0.79871903661379,0,NA,-3.52844000590575e-07,-0.065859604688273
"spectral_diversity_1830_~_zipf_1970",0.35512209298202,0.354545285780308,0.526808610297366,NA,-0.0373990341459147,-0.0066668644822903
"spectral_diversity_1830_~_spectral_diversity_1970",0.767346154441648,0.755004763911496,0.456851317684237,NA,-0.0195401814590366,-0.00784540568319587
"entropy_1830_~_betweenness_1970",0.161711585598506,0.581304125615387,0,NA,-9.24911542012804e-08,-0.215356316862767
"entropy_1830_~_zipf_1970",0.248429030023198,0.276249265098771,0.322887613115414,NA,-0.043185897667282,-0.048021605959519
"entropy_1830_~_entropy_1970",0.553720850204728,0.552179284983868,0.588647211874963,NA,-0.121304848285374,-0.109313082353868
"betweenness_1830_~_betweenness_1980",0.957944416842691,0.888744372630866,0.0116329026977162,"Data contain duplicated values: LSCV is not well-behaved in this case",-6.89253379252613e-05,-1.73798513898131e-07
"betweenness_1830_~_zipf_1980",0,0.56366433164231,0,NA,0.00155436896281089,-4.90017641344351e-12
"betweenness_1830_~_spectral_diversity_1980",0,0.386115253066978,0.00010856875043741,NA,0.0182329701238342,-3.8047480080843e-12
"betweenness_1830_~_entropy_1980",0.99,0.0759248507336018,0,NA,-0.174244159090585,-1.04365614505865e-12
"zipf_1830_~_betweenness_1980",0.473305223804709,0.632287604907431,0,NA,-3.21191954157924e-07,-0.229286627311867
"zipf_1830_~_zipf_1980",0.69522530041497,0.685307509451679,0.252819941520421,NA,-0.0361796257634145,-0.0174110461384963
"zipf_1830_~_spectral_diversity_1980",0.395209005836742,0.386026502775341,0.405205391013063,NA,-0.0167091275456411,-0.0592710060669869
"zipf_1830_~_entropy_1980",0.287959832982958,0.266289222501219,0.336110289759197,NA,-0.0492035056694169,-0.0352120598172815
"spectral_diversity_1830_~_betweenness_1980",0.32857853043284,0.77202582653255,0,NA,-1.94084691790758e-07,-0.0872002947518918
"spectral_diversity_1830_~_zipf_1980",0.356467535223202,0.353425003000037,0.576267780470619,NA,-0.0316550427711678,-0.00683860211109421
"spectral_diversity_1830_~_spectral_diversity_1980",0.757925737029667,0.750710761751479,0.550134850045757,NA,-0.0207674520939644,-0.00902810329890582
"entropy_1830_~_betweenness_1980",0.215537899752716,0.635444991338771,0,NA,-4.12783113293519e-07,-0.100687146164831
"entropy_1830_~_zipf_1980",0.246256716271076,0.273693291444312,0.413978877757184,NA,-0.0439061619865306,-0.0432612509333037
"entropy_1830_~_entropy_1980",0.57529114363934,0.57830854359157,0.785686150633845,NA,-0.107182128911209,-0.0969873762644297
"betweenness_1830_~_betweenness_1990",0.971223778817717,0.974124222871005,0.697165628789108,NA,-2.57166296803878e-05,-3.16097318016753e-08
"betweenness_1830_~_zipf_1990",0.99,0.526697808409503,0,"Data contain duplicated values: LSCV is not well-behaved in this case",-0.203937340854456,-4.79051026919126e-12
"betweenness_1830_~_spectral_diversity_1990",0,0.349610874781224,0.000258450646139607,NA,0.0275924169987749,-3.65115659478411e-12
"betweenness_1830_~_entropy_1990",0,0.027664180660044,0,NA,3.9986157503013,-7.05867830705193e-14
"zipf_1830_~_betweenness_1990",0.518232891043975,0.662130998632776,0,NA,-1.60821327843339e-06,-0.185483609000773
"zipf_1830_~_zipf_1990",0.547490290392046,0.543130573450851,0.239247839836922,NA,-0.0911420047940713,-0.0638079351463397
"zipf_1830_~_spectral_diversity_1990",0.35217220255444,0.345882571471095,0.195262561462505,NA,-0.0113686386648691,-0.0681963649173982
"zipf_1830_~_entropy_1990",0.273138649169321,0.255296713717206,0.305085172471758,NA,-0.0514060939375827,-0.0336466831933459
"spectral_diversity_1830_~_betweenness_1990",0.338205544513552,0.786748566942213,0,NA,-8.79079368322794e-07,-0.0722492689966188
"spectral_diversity_1830_~_zipf_1990",0.341674476388712,0.342346199976209,0.671898356583581,NA,-0.0286709328759734,-0.00717821827917695
"spectral_diversity_1830_~_spectral_diversity_1990",0.718461070047731,0.705767610626772,0.575438770633613,NA,-0.019293583263919,-0.0104793940527763
"entropy_1830_~_betweenness_1990",0.194545850525387,0.590573268304457,0,NA,-6.9160621762832e-07,-0.175315446203219
"entropy_1830_~_zipf_1990",0.252746285523582,0.283667979490222,0.199461084402493,NA,-0.0335053695179639,-0.046121513345078
"entropy_1830_~_entropy_1990",0.570007074219254,0.569154930406613,0.711722819142459,NA,-0.0910882888193666,-0.102285180554986
"betweenness_1830_~_betweenness_2000",0.92174873144183,0.815672136239692,0.0162638855365216,NA,-0.000149521339938742,-5.27233668051206e-09
"betweenness_1830_~_zipf_2000",0.99,0.513856522745533,0,NA,-0.315414903843929,-4.80521090462099e-12
"betweenness_1830_~_spectral_diversity_2000",0,0.356095784930426,0.000342797553428698,NA,0.0208672643787836,-3.45520513012041e-12
"betweenness_1830_~_entropy_2000",0.99,0.0663774654173294,0,NA,-0.271867390829473,-8.31989678185397e-13
"zipf_1830_~_betweenness_2000",0.568164756069618,0.713537027174607,0,NA,-6.60600299519652e-06,-0.133906856091987
"zipf_1830_~_zipf_2000",0.559141171804114,0.555497215837276,0.979365893055433,NA,-0.066200419422303,-0.0705466188163798
"zipf_1830_~_spectral_diversity_2000",0.367707590886628,0.358074246112209,0.343777434096376,NA,-0.0106662787974011,-0.0584724798943163
"zipf_1830_~_entropy_2000",0.271507502698159,0.254368199608331,0.377765999589233,NA,-0.0523358307434265,-0.0393686410423965
"spectral_diversity_1830_~_betweenness_2000",0.370721915153018,0.797807456604422,0,NA,-3.89961321641091e-06,-0.0448572685909591
"spectral_diversity_1830_~_zipf_2000",0.332707073999203,0.327228712635841,0.425888015445587,NA,-0.0380047781699676,-0.00644549339119281
"spectral_diversity_1830_~_spectral_diversity_2000",0.723640616515885,0.714345388192017,0.751530012877342,NA,-0.013882701435114,-0.0113752011775994
"entropy_1830_~_betweenness_2000",0.225196197712575,0.55231246495687,0,NA,-1.22884512303974e-06,-0.20568668358822
"entropy_1830_~_zipf_2000",0.24123705972527,0.271074252834788,0.0545844175285475,NA,-0.0265640917365932,-0.0601166816613746
"entropy_1830_~_entropy_2000",0.542440364170003,0.541670970558635,0.911446178559733,NA,-0.109873296408008,-0.107568107271852
"betweenness_1840_~_betweenness_1850",0.99,0.99,0.99925671538239,"Data contain duplicated values: LSCV is not well-behaved in this case",-1.85776043286761e-07,-2.53118664505914e-07
"betweenness_1840_~_zipf_1850",0.99,0.663446027587833,0,"Data contain duplicated values: LSCV is not well-behaved in this case",-0.237912617249797,-5.42334673546599e-12
"betweenness_1840_~_spectral_diversity_1850",0.99,0.409353917716612,2.22044604925031e-16,NA,-0.230662495753752,-3.93159968196785e-12
"betweenness_1840_~_entropy_1850",0.99,0.0976298400000077,0,NA,-0.352287000337896,-6.82275004427294e-13
"zipf_1840_~_betweenness_1850",0.65806986920825,0.863398999439397,0.508402601559005,NA,-6.1041499089181e-09,-0.127529820085957
"zipf_1840_~_zipf_1850",0.731416696925637,0.732239251199031,0.392184368352545,NA,-0.12186863471078,-0.108574744987209
"zipf_1840_~_spectral_diversity_1850",0.485085372461592,0.482070342582047,0.568299787925069,NA,-0.0316729193425831,-0.0590824389817025
"zipf_1840_~_entropy_1850",0.352446299322241,0.32783066440283,0.701139807215346,NA,-0.0396531016438351,-0.0784617937041586
"spectral_diversity_1840_~_betweenness_1850",0.390212909978698,0.0738830814972399,0.48150286426698,NA,-1.98757459323757e-11,-0.0114039888649773
"spectral_diversity_1840_~_zipf_1850",0.508375429545384,0.517223504116625,0.863487635148266,NA,-0.0427675792863048,-0.0253827270914381
"spectral_diversity_1840_~_spectral_diversity_1850",0.892516148401923,0.890546954894978,0.707813166840893,NA,-0.0445808886598547,-0.0510975525834619
"entropy_1840_~_betweenness_1850",0.0721104436526168,0.456572613493503,0.10877212931644,NA,-1.55267129496318e-10,-0.309335008282769
"entropy_1840_~_zipf_1850",0.316145492553027,0.339885294267852,0.911516666350599,NA,-0.076360703277351,-0.0488624569525892
"entropy_1840_~_entropy_1850",0.627890345753543,0.627681375195207,0.73347416982807,NA,-0.144317740139365,-0.138221561215897
"betweenness_1840_~_betweenness_1860",0.99,0.98931576392869,0.74577913935478,"Data contain duplicated values: LSCV is not well-behaved in this case",-0.000277588418085726,-4.2250418074342e-05
"betweenness_1840_~_zipf_1860",0,0.386051668391049,0,NA,2.41510965066966,-7.39986689136837e-13
"betweenness_1840_~_spectral_diversity_1860",0.99,0.415716784782778,9.99200722162641e-15,NA,-0.197538029423885,-4.02520774177676e-12
"betweenness_1840_~_entropy_1860",0,0.0592676739558898,0,NA,2.46595954413071,-1.91084642697835e-13
"zipf_1840_~_betweenness_1860",0.612831168799766,0.832152109111974,0.714038860158871,"Data contain duplicated values: LSCV is not well-behaved in this case",-6.34438858665466e-09,-0.138774168237738
"zipf_1840_~_zipf_1860",0.736109379360661,0.738699261776849,0.496470012366423,NA,-0.107658730232719,-0.0950322973516659
"zipf_1840_~_spectral_diversity_1860",0.522660149141958,0.522736901329497,0.641303891551878,NA,-0.0126089510224418,-0.0339675955907678
"zipf_1840_~_entropy_1860",0.40400702929926,0.380635547449757,0.849183406307952,NA,-0.0419859957227058,-0.0584735548110544
"spectral_diversity_1840_~_betweenness_1860",0.374782777110839,0.651725506979191,0.0740950928812074,NA,-1.6068847321727e-09,-0.0945483720481091
"spectral_diversity_1840_~_zipf_1860",0.515368676686497,0.526952970432931,0.862594598288097,NA,-0.0227400334317025,-0.020151143012074
"spectral_diversity_1840_~_spectral_diversity_1860",0.929875743079149,0.926438422638096,0.722747465456588,NA,-0.018613683638788,-0.0251180754740313
"entropy_1840_~_betweenness_1860",0.080997255409086,0.149302001953509,0.602064136622371,NA,-5.88761070157245e-10,-0.0857803658090783
"entropy_1840_~_zipf_1860",0.305228787145725,0.333012854575816,0.888659607679288,NA,-0.0706338770296343,-0.0475365395276776
"entropy_1840_~_entropy_1860",0.719676198212903,0.728002274717439,0.352123345011818,NA,-0.0970500720625259,-0.103401345064534
"betweenness_1840_~_betweenness_1870",0.99,0.99,0.995173099040966,"Data contain duplicated values: LSCV is not well-behaved in this case",-1.65571381115848e-06,-1.97354461929791e-07
"betweenness_1840_~_zipf_1870",0.99,0.666086206990458,0,NA,-0.157956972677342,-5.41752476889614e-12
"betweenness_1840_~_spectral_diversity_1870",0.99,0.413672748541798,5.08482145278322e-14,NA,-0.173082578397663,-3.9960555773372e-12
"betweenness_1840_~_entropy_1870",0,0.0392749722808853,0,NA,2.68332568929436,-1.6192455527157e-13
"zipf_1840_~_betweenness_1870",0.654965975672847,0.99,0.52075388247606,"Data contain duplicated values: LSCV is not well-behaved in this case",-6.20952993502502e-09,-0.159087759406533
"zipf_1840_~_zipf_1870",0.722350119710851,0.721721955940726,0.610434849445672,"Data contain duplicated values: LSCV is not well-behaved in this case",-0.109170823631198,-0.102012800487128
"zipf_1840_~_spectral_diversity_1870",0.515238029278739,0.514440632276552,0.614128406690025,NA,-0.0108822615631252,-0.0346236249398313
"zipf_1840_~_entropy_1870",0.356086269655727,0.332922710610375,0.531919126377452,NA,-0.0582048402036687,-0.0582437172836224
"spectral_diversity_1840_~_betweenness_1870",0.394124366513867,0.867693491609783,3.18820584266355e-06,NA,-2.35410834418466e-09,-0.123481713430518
"spectral_diversity_1840_~_zipf_1870",0.522689554537634,0.528820862425662,0.931840048372161,NA,-0.0180796585673835,-0.016449557430003
"spectral_diversity_1840_~_spectral_diversity_1870",0.926955455398366,0.921461005760476,0.718232020473487,NA,-0.0183762111012708,-0.0204471399471273
"entropy_1840_~_betweenness_1870",0.0974904467430804,0.503483306541952,0.0179463972338898,NA,-5.83024692363127e-10,-0.275297367632758
"entropy_1840_~_zipf_1870",0.300045476083665,0.324844645108046,0.982719700302473,NA,-0.0696921650825419,-0.0456125249205404
"entropy_1840_~_entropy_1870",0.643067775525977,0.64645410007092,0.947188642731274,NA,-0.12932921942327,-0.124750890360037
"betweenness_1840_~_betweenness_1880",0.99,0.99,0.999552122932061,"Data contain duplicated values: LSCV is not well-behaved in this case",-2.55303035065853e-06,-1.13990205310729e-06
"betweenness_1840_~_zipf_1880",0.865995764080243,0.659729722812847,0,"Data contain duplicated values: LSCV is not well-behaved in this case",-0.128508913851057,-5.28670439284145e-12
"betweenness_1840_~_spectral_diversity_1880",0.99,0.400615045105342,6.66133814775094e-16,NA,-0.206883482820809,-3.67328722599125e-12
"betweenness_1840_~_entropy_1880",0.262581829168154,0.0904156746710096,1.77635683940025e-14,NA,-0.0825055454019305,-5.44051751858614e-13
"zipf_1840_~_betweenness_1880",0.651121285453704,0.803016740514986,0,NA,-4.95144051375035e-08,-0.127629185719484
"zipf_1840_~_zipf_1880",0.850853179582279,0.85028173590041,0.750882440639641,NA,-0.0459978127950312,-0.0433479180875391
"zipf_1840_~_spectral_diversity_1880",0.501925503661817,0.504511907976272,0.473130429858269,NA,-0.01324055037205,-0.0428802058961606
"zipf_1840_~_entropy_1880",0.364324883603829,0.347470042882403,0.979738807149951,NA,-0.0395396210418511,-0.055429442012727
"spectral_diversity_1840_~_betweenness_1880",0.41589199802687,0.893408826944362,0,NA,-2.77762226656297e-08,-0.0313494554953526
"spectral_diversity_1840_~_zipf_1880",0.507814041566283,0.514183383825917,0.918253689984334,NA,-0.0207580937981337,-0.0197420014623828
"spectral_diversity_1840_~_spectral_diversity_1880",0.917241979077614,0.91304929009027,0.913351818493024,NA,-0.0173330539635194,-0.0227364414224133
"entropy_1840_~_betweenness_1880",0.119290828966,0.567852544899202,0,NA,-7.62470317881409e-09,-0.24002724503659
"entropy_1840_~_zipf_1880",0.312658844956966,0.340469475060763,0.49895717711087,NA,-0.0578973548492941,-0.0528941575979711
"entropy_1840_~_entropy_1880",0.69632019247027,0.69522397235271,0.597378886330046,NA,-0.112434787280983,-0.104510094279605
"betweenness_1840_~_betweenness_1890",0.99,0.980032737423291,0.164604002321901,"Data contain duplicated values: LSCV is not well-behaved in this case",-2.24498062538606e-05,-1.26488444775191e-08
"betweenness_1840_~_zipf_1890",0.99,0.665250798311593,0,"Data contain duplicated values: LSCV is not well-behaved in this case",-0.189512401717731,-5.44781612208744e-12
"betweenness_1840_~_spectral_diversity_1890",0.99,0.421005046534733,8.21565038222616e-15,NA,-0.206370138120337,-3.80334608732767e-12
"betweenness_1840_~_entropy_1890",0,0.06548073620291,0,NA,2.29487348144258,-1.81603261642175e-13
"zipf_1840_~_betweenness_1890",0.692978997886963,0.823726192392048,0,NA,-1.30366521089159e-07,-0.116318919079384
"zipf_1840_~_zipf_1890",0.700166526129976,0.699504639726058,0.0882880945752769,NA,-0.120531597655884,-0.0929634870160993
"zipf_1840_~_spectral_diversity_1890",0.510634009445216,0.506834853657107,0.707664465291891,NA,-0.0181595722305508,-0.0386056777375495
"zipf_1840_~_entropy_1890",0.362156212564085,0.340438938791719,0.676658366605232,NA,-0.0516291241911311,-0.0584386821818387
"spectral_diversity_1840_~_betweenness_1890",0.398343530985882,0.878858469023886,0,NA,-6.27172008115965e-08,-0.03900069692369
"spectral_diversity_1840_~_zipf_1890",0.47935431025843,0.482052473788121,0.865066915910531,NA,-0.0313562844830482,-0.019974278535767
"spectral_diversity_1840_~_spectral_diversity_1890",0.916711631941076,0.912338685103164,0.796682806581727,NA,-0.0178022789275578,-0.0192632011028033
"entropy_1840_~_betweenness_1890",0.132571210304898,0.540555226632288,0,NA,-4.21471894596418e-08,-0.24979550240487
"entropy_1840_~_zipf_1890",0.314217934982502,0.341510627527194,0.621188873406853,NA,-0.0620345053425053,-0.0513630041849804
"entropy_1840_~_entropy_1890",0.610763519271881,0.611030678816528,0.904343398482136,NA,-0.141379632723197,-0.138708712200645
"betweenness_1840_~_betweenness_1900",0.987684667206549,0.99,0.338034071443275,NA,-1.42993974687696e-06,-7.4952425344551e-07
"betweenness_1840_~_zipf_1900",0,0.598360193784452,0,NA,1.64886338561601,-3.24215842723257e-12
"betweenness_1840_~_spectral_diversity_1900",0.99,0.406451771090878,1.20570220474292e-13,NA,-0.170771882552241,-3.57479958639699e-12
"betweenness_1840_~_entropy_1900",0,0.0620440022658,0,NA,2.35417940689262,-2.24451567016374e-13
"zipf_1840_~_betweenness_1900",0.667884351704281,0.805070580358052,0,NA,-1.96961670873539e-07,-0.118080331757677
"zipf_1840_~_zipf_1900",0.70911695088985,0.707072624120655,0.195989575612094,NA,-0.080154366576195,-0.10423327195652
"zipf_1840_~_spectral_diversity_1900",0.497557432748247,0.493697932494925,0.729578911206371,NA,-0.0175333123653541,-0.0360060056276756
"zipf_1840_~_entropy_1900",0.374921083593308,0.3535642667554,0.895643563907569,NA,-0.043634875368656,-0.0603595215978631
"spectral_diversity_1840_~_betweenness_1900",0.407013519093852,0.876491729459509,0,NA,-7.90799746185173e-08,-0.0427828903885735
"spectral_diversity_1840_~_zipf_1900",0.433151860966808,0.43593623842339,0.611154031753849,NA,-0.0495181047596598,-0.0215054003526708
"spectral_diversity_1840_~_spectral_diversity_1900",0.885542921893943,0.87869951823018,0.793887879795552,NA,-0.0177685117497539,-0.0202506964265703
"entropy_1840_~_betweenness_1900",0.149556306402726,0.56249821632784,0,NA,-6.88265717234452e-08,-0.220260021637848
"entropy_1840_~_zipf_1900",0.298328920049171,0.325056655070071,0.593993113535791,NA,-0.0631305886303428,-0.05404938773779
"entropy_1840_~_entropy_1900",0.649380588144011,0.649379673288997,0.440602994132919,NA,-0.115553096172587,-0.129832254951808
"betweenness_1840_~_betweenness_1910",0.99,0.973077995887158,0.0370173506076248,"Data contain duplicated values: LSCV is not well-behaved in this case",-3.42014563068548e-05,-2.59238831320202e-08
"betweenness_1840_~_zipf_1910",0.145553236167785,0.63827026252874,0,NA,-0.0246750894158809,-3.14533485715962e-10
"betweenness_1840_~_spectral_diversity_1910",0.99,0.40036612433414,2.12052597703405e-13,NA,-0.161265324590786,-3.60182295877936e-12
"betweenness_1840_~_entropy_1910",0.99,0.0336148861807168,0,NA,-1.92857413804091,-3.34751472191632e-14
"zipf_1840_~_betweenness_1910",0.599949434141072,0.736694347636204,0,NA,-1.06988246381435e-07,-0.167031415823878
"zipf_1840_~_zipf_1910",0.610072597837286,0.607720725437925,0.664122103239346,NA,-0.123389824996988,-0.116850712750859
"zipf_1840_~_spectral_diversity_1910",0.458360338877758,0.459019643446096,0.430300329299865,NA,-0.0173291802266026,-0.0496003255798985
"zipf_1840_~_entropy_1910",0.373540483872796,0.349080923820446,0.649794222000259,NA,-0.0274229918444668,-0.0677010903408833
"spectral_diversity_1840_~_betweenness_1910",0.363273718652238,0.852195141177564,0,NA,-7.12013036171417e-08,-0.0578361714482781
"spectral_diversity_1840_~_zipf_1910",0.412088533814778,0.414717845376327,0.67552216823046,NA,-0.0437467224311915,-0.0203261953176435
"spectral_diversity_1840_~_spectral_diversity_1910",0.853081060941321,0.843938502614501,0.608436497033053,NA,-0.0225942670831605,-0.0209590010460061
"entropy_1840_~_betweenness_1910",0.136243025287415,0.567264068474406,0,NA,-2.80025801919928e-08,-0.265629182126471
"entropy_1840_~_zipf_1910",0.292778474327521,0.322970978132771,0.368900169841224,NA,-0.0593134371925702,-0.0588870156292145
"entropy_1840_~_entropy_1910",0.645782381028362,0.646836731340931,0.893372290978764,NA,-0.118716773521577,-0.11499147589124
"betweenness_1840_~_betweenness_1920",0.97696034637368,0.982586841818558,0.318799118462497,"Data contain duplicated values: LSCV is not well-behaved in this case",-1.11742893732481e-05,-1.26859326756083e-05
"betweenness_1840_~_zipf_1920",0,0.353610497042693,0,NA,0.135500869918253,-1.99027406018992e-11
"betweenness_1840_~_spectral_diversity_1920",0.99,0.398996865062528,6.06625860655186e-13,NA,-0.15267470787563,-3.9024669830924e-12
"betweenness_1840_~_entropy_1920",0,0.0807794467895574,0,NA,1.04122775926658,-3.65893112099603e-13
"zipf_1840_~_betweenness_1920",0.555321538488103,0.725092527767989,0,NA,-4.0169041275002e-08,-0.18596728277866
"zipf_1840_~_zipf_1920",0.647500514645493,0.645425733024999,0.888835694758592,NA,-0.0966882216893428,-0.0959456948327423
"zipf_1840_~_spectral_diversity_1920",0.434237080026375,0.438114949470287,0.089355750507814,NA,-0.0109744139480454,-0.0741107152665891
"zipf_1840_~_entropy_1920",0.325387068851537,0.310651353848401,0.178155032272733,NA,-0.0237601868921743,-0.0844431191830571
"spectral_diversity_1840_~_betweenness_1920",0.336418286009551,0.86633587387515,0,NA,-2.26330546192661e-08,-0.0562414310400891
"spectral_diversity_1840_~_zipf_1920",0.403539888932789,0.40748073436671,0.698678842665612,NA,-0.0420316693474805,-0.0187518891245722
"spectral_diversity_1840_~_spectral_diversity_1920",0.847603865442418,0.837639886319276,0.57836780317604,NA,-0.0213773494716034,-0.0191477551233543
"entropy_1840_~_betweenness_1920",0.145068675325657,0.59272208535647,0,NA,-1.54037455605904e-08,-0.226690769187699
"entropy_1840_~_zipf_1920",0.309238871785424,0.343481253644664,0.0194026144557078,NA,-0.031230137500659,-0.0762475340703012
"entropy_1840_~_entropy_1920",0.607198411296988,0.606356492777481,0.930474116669432,NA,-0.131746850627525,-0.130875095267305
"betweenness_1840_~_betweenness_1930",0.976670962504128,0.99,0,"Data contain duplicated values: LSCV is not well-behaved in this case",-2.70107321361556e-07,-1.84832788990172e-06
"betweenness_1840_~_zipf_1930",0,0.269167221124813,0,NA,0.203887331023965,-1.91620465906991e-12
"betweenness_1840_~_spectral_diversity_1930",0.99,0.397129883180287,2.50910403565285e-14,NA,-0.184699501977437,-3.78168106198983e-12
"betweenness_1840_~_entropy_1930",0.89347983959378,0.0402951459223681,0,NA,-1.15604594693567,-5.79824042654422e-14
"zipf_1840_~_betweenness_1930",0.544241219365627,0.688056843532274,2.95712565545614e-09,NA,-9.98932215105392e-09,-0.182487422638563
"zipf_1840_~_zipf_1930",0.583248427096442,0.578680118629352,0.296717099399558,NA,-0.114030277261268,-0.0939577672471298
"zipf_1840_~_spectral_diversity_1930",0.403981011728609,0.406725425930488,0.0296059437243965,NA,-0.00751021586100518,-0.0889935657373974
"zipf_1840_~_entropy_1930",0.235162104206018,0.224005676663616,0.952162496387879,NA,-0.0727812219928674,-0.0822254414678766
"spectral_diversity_1840_~_betweenness_1930",0.336076231062669,0.879431674785107,0,NA,-7.51981295576016e-09,-0.0556252723352288
"spectral_diversity_1840_~_zipf_1930",0.383691838170378,0.387263256843165,0.608235060954009,NA,-0.0431428433099239,-0.0142531860772584
"spectral_diversity_1840_~_spectral_diversity_1930",0.816943262300796,0.800892874302118,0.795797654474464,NA,-0.0129884121876771,-0.0222956099368257
"entropy_1840_~_betweenness_1930",0.182929398771042,0.724938678406565,0,NA,-5.69794328559192e-09,-0.110800062875561
"entropy_1840_~_zipf_1930",0.300041373492769,0.343340725668097,0.000592237244966709,NA,-0.0108558793787382,-0.0878184466900322
"entropy_1840_~_entropy_1930",0.448832748773693,0.449438178910943,0.698377265419546,NA,-0.163036581565155,-0.171004856612254
"betweenness_1840_~_betweenness_1940",0.911281778578546,0.972527550120492,0,"Data contain duplicated values: LSCV is not well-behaved in this case",-3.73983670864072e-05,-0.000468674174808644
"betweenness_1840_~_zipf_1940",0.99,0.286555513614542,0,"Data contain duplicated values: LSCV is not well-behaved in this case",-6.49412635778047,-3.74787467966779e-13
"betweenness_1840_~_spectral_diversity_1940",0.99,0.398431618958274,7.37188088351104e-14,NA,-0.173899406973228,-3.82489437975507e-12
"betweenness_1840_~_entropy_1940",0,0.0609145758813448,0,NA,2.37252994959469,-1.53501661773318e-13
"zipf_1840_~_betweenness_1940",0.518130440879974,0.692891149055294,0,NA,-4.13108978271239e-08,-0.191029879404161
"zipf_1840_~_zipf_1940",0.502666393769186,0.500120169421081,0.196412022235854,NA,-0.14392494353521,-0.115987148361476
"zipf_1840_~_spectral_diversity_1940",0.405573591019087,0.397166018417965,0.266851192538539,NA,-0.0196248765552954,-0.0707426652023814
"zipf_1840_~_entropy_1940",0.345154152149961,0.329998363668171,0.758966530629424,NA,-0.0279933769649597,-0.0547919418131071
"spectral_diversity_1840_~_betweenness_1940",0.346177505029805,0.859543890812202,0,NA,-2.67163277655943e-08,-0.0419472208090641
"spectral_diversity_1840_~_zipf_1940",0.378492137586575,0.384155713424268,0.873002128391834,NA,-0.0292708590802379,-0.0155709928755553
"spectral_diversity_1840_~_spectral_diversity_1940",0.814995818069536,0.807082058922166,0.565482382470913,NA,-0.00507530264575856,-0.0269000162504661
"entropy_1840_~_betweenness_1940",0.106816057802061,0.507050283962434,0,NA,-8.12061504402444e-09,-0.30085540804003
"entropy_1840_~_zipf_1940",0.289391740162792,0.323515392172246,0.012579772385632,NA,-0.0279694180323291,-0.0769704838313528
"entropy_1840_~_entropy_1940",0.629650153732423,0.628720976949322,0.637490807473684,NA,-0.117455988830492,-0.108786292177983
"betweenness_1840_~_betweenness_1950",0.976467224651117,0.99,0,NA,-1.7344493168607e-06,-3.2536980147846e-07
"betweenness_1840_~_zipf_1950",0,0.605925457880916,0,NA,0.0769773995552718,-3.36361594677234e-10
"betweenness_1840_~_spectral_diversity_1950",0.970202198696358,0.400448435927988,4.44666525822868e-12,NA,-0.143493144229284,-3.75075845429741e-12
"betweenness_1840_~_entropy_1950",0.645265743067065,0.0417581066351627,0,NA,-0.826840700236512,-6.19000250405219e-14
"zipf_1840_~_betweenness_1950",0.616110287866032,0.77546463391768,0,NA,-2.57621478032252e-08,-0.13818529831734
"zipf_1840_~_zipf_1950",0.750452315399149,0.743369530170488,0.686352432791007,NA,-0.0201401831665321,-0.0184742807282263
"zipf_1840_~_spectral_diversity_1950",0.436145840754221,0.42485326421829,0.61988073864493,NA,-0.0170025838458339,-0.0483478989740851
"zipf_1840_~_entropy_1950",0.315145580367567,0.298966763249334,0.550240856897385,NA,-0.0547349478920185,-0.0504834516706751
"spectral_diversity_1840_~_betweenness_1950",0.350641920129061,0.848920626960116,0,NA,-1.22996114367545e-08,-0.0840427769964512
"spectral_diversity_1840_~_zipf_1950",0.381997041651202,0.397977674625969,0.620856878118656,NA,-0.00874641364405409,-0.0186869485555715
"spectral_diversity_1840_~_spectral_diversity_1950",0.792782593916091,0.777013844518699,0.341331356646624,NA,-0.0243266714760099,-0.0123015484554484
"entropy_1840_~_betweenness_1950",0.119363303605208,0.509449020178118,0,NA,-2.30805598917701e-08,-0.295806703486836
"entropy_1840_~_zipf_1950",0.350083502133122,0.397535357277203,0.1129229193029,NA,-0.0104751870742113,-0.023855268500405
"entropy_1840_~_entropy_1950",0.554852488149326,0.556869766132215,0.953170158193754,NA,-0.127616761307086,-0.124286168374697
"betweenness_1840_~_betweenness_1960",0.76579811061009,0.738926208211871,0.709077013882934,NA,-0.0148072999446063,-0.0247188957521489
"betweenness_1840_~_zipf_1960",0,0.502326564811051,0,"Data contain duplicated values: LSCV is not well-behaved in this case",0.541010002917149,-1.45421493772762e-11
"betweenness_1840_~_spectral_diversity_1960",0.99,0.399203214064155,1.85629289717326e-13,NA,-0.166298356027344,-4.0042612166829e-12
"betweenness_1840_~_entropy_1960",0.99,0.0433044704466524,0,NA,-1.01463540794432,-4.3354282129847e-13
"zipf_1840_~_betweenness_1960",0.513061703117796,0.664662093599652,0,NA,-1.88131408956881e-07,-0.212325105003982
"zipf_1840_~_zipf_1960",0.722615051882975,0.715716398576959,0.290574599754213,NA,-0.0345241454236836,-0.0171032643019475
"zipf_1840_~_spectral_diversity_1960",0.431388056456097,0.416594618520663,0.928846389823528,NA,-0.021003103687243,-0.0395382569682655
"zipf_1840_~_entropy_1960",0.282976869920061,0.263609152346624,0.496378955132079,NA,-0.0522423747215366,-0.0474126643962563
"spectral_diversity_1840_~_betweenness_1960",0.353056094886324,0.825997078816202,0,NA,-1.06854332439978e-07,-0.0797442060458573
"spectral_diversity_1840_~_zipf_1960",0.351921253508866,0.358713656009876,0.844050032516972,NA,-0.0309786544732362,-0.014614233629604
"spectral_diversity_1840_~_spectral_diversity_1960",0.781301341584684,0.768994679692937,0.617080743773099,NA,-0.0218419484539679,-0.0191994330638311
"entropy_1840_~_betweenness_1960",0.147490072272071,0.552127087750718,0,NA,-4.64924726512434e-08,-0.273898840844756
"entropy_1840_~_zipf_1960",0.287328232929281,0.321344724776761,0.0919192073409516,NA,-0.027256602477427,-0.0515672343701051
"entropy_1840_~_entropy_1960",0.548786931875894,0.552025685418197,0.958218201699062,NA,-0.130033991135276,-0.127973575547477
"betweenness_1840_~_betweenness_1970",0.970307123735415,0.952692839399881,0.231346379053264,NA,-9.58205251378753e-06,-7.69248533510881e-08
"betweenness_1840_~_zipf_1970",0.0692314571193208,0.277677560866493,2.6352372728411e-08,"Data contain duplicated values: LSCV is not well-behaved in this case",-0.0640792434319939,-1.44996197425668e-11
"betweenness_1840_~_spectral_diversity_1970",0.99,0.406619628148498,2.76667577736589e-13,NA,-0.166571844164802,-3.60228975431432e-12
"betweenness_1840_~_entropy_1970",0.116555301751457,0.0219267859871885,0,NA,-0.323978944425932,-3.43614683497619e-14
"zipf_1840_~_betweenness_1970",0.478013185135961,0.651174544098308,0,NA,-1.52616571650462e-07,-0.224711981382533
"zipf_1840_~_zipf_1970",0.716884347629621,0.708563996724238,0.192566518980739,NA,-0.0357154378580112,-0.0136637996483842
"zipf_1840_~_spectral_diversity_1970",0.439052520768354,0.420959735088775,0.918362215492467,NA,-0.0189317059641981,-0.0413103732967587
"zipf_1840_~_entropy_1970",0.294008275161466,0.279687173657391,0.563013199409265,NA,-0.0526091096908619,-0.0472692290302574
"spectral_diversity_1840_~_betweenness_1970",0.3097840042415,0.808228192736084,0,NA,-3.64735040799681e-07,-0.0499417476972916
"spectral_diversity_1840_~_zipf_1970",0.343613261128917,0.348586489739339,0.680134935122618,NA,-0.0375108119121328,-0.0132426813733999
"spectral_diversity_1840_~_spectral_diversity_1970",0.776777728642141,0.764795728500152,0.748087539888059,NA,-0.0193954230466208,-0.0218168286868319
"entropy_1840_~_betweenness_1970",0.165468642599547,0.565700383580889,0,NA,-1.67719752466e-07,-0.205818503485964
"entropy_1840_~_zipf_1970",0.263885331946349,0.290432886464531,0.439550555424244,NA,-0.0455153258585443,-0.0445414865096413
"entropy_1840_~_entropy_1970",0.592983944237601,0.591404305120613,0.436371024182091,NA,-0.10066952052613,-0.11978059745753
"betweenness_1840_~_betweenness_1980",0.833387345163282,0.755618952616652,0.0934628030294149,"Data contain duplicated values: LSCV is not well-behaved in this case",-0.00584865772529161,-0.000710940119521508
"betweenness_1840_~_zipf_1980",0,0.437187037957125,0,NA,5.55522179516127,-1.4901134785522e-12
"betweenness_1840_~_spectral_diversity_1980",0.99,0.40823870405115,1.04360964314765e-13,NA,-0.181897381210944,-3.76006921565129e-12
"betweenness_1840_~_entropy_1980",0,0.0146042342778016,0,NA,5.63507909136941,-8.79941764056047e-15
"zipf_1840_~_betweenness_1980",0.478694534227218,0.632239775512642,0,NA,-3.44032292259597e-07,-0.223517930599339
"zipf_1840_~_zipf_1980",0.713239835822712,0.70326494413004,0.129257572392762,NA,-0.0376327885605024,-0.0118024372074163
"zipf_1840_~_spectral_diversity_1980",0.425910101508771,0.411930601863964,0.716698469725866,NA,-0.0189670612559612,-0.048022990006193
"zipf_1840_~_entropy_1980",0.293644057843715,0.272105563385221,0.436362361194594,NA,-0.0465655031200132,-0.0391815384506169
"spectral_diversity_1840_~_betweenness_1980",0.325568630171315,0.779052886345913,0,NA,-2.26762029859541e-07,-0.075395298556006
"spectral_diversity_1840_~_zipf_1980",0.347172133076097,0.350495057537165,0.766274218936716,NA,-0.0302308584025759,-0.0127847835426742
"spectral_diversity_1840_~_spectral_diversity_1980",0.764611262022801,0.756176351060838,0.696890032508838,NA,-0.0234285567044064,-0.0199964503901858
"entropy_1840_~_betweenness_1980",0.160801361301474,0.531390239442783,0,NA,-1.9139110379082e-07,-0.225225178923919
"entropy_1840_~_zipf_1980",0.266903719188889,0.294754252112982,0.494033671706587,NA,-0.0444982063444048,-0.0392700684017052
"entropy_1840_~_entropy_1980",0.568137792349452,0.571032716615815,0.769722923273012,NA,-0.114320261660504,-0.118302246610994
"betweenness_1840_~_betweenness_1990",0.592137297151011,0.62136194405153,0.412584320220648,NA,-0.0560926569415945,-0.0758964433870326
"betweenness_1840_~_zipf_1990",0.875561832965013,0.280801944349525,0,NA,-0.665632056934303,-4.80941534955275e-13
"betweenness_1840_~_spectral_diversity_1990",0.99,0.373407661415267,5.32907051820075e-15,NA,-0.1842073915908,-3.78830073786204e-12
"betweenness_1840_~_entropy_1990",0,0.0295388873946051,0,NA,2.10066723144697,-6.36933448682169e-14
"zipf_1840_~_betweenness_1990",0.50440138670052,0.642879647817532,0,NA,-1.50639821416719e-06,-0.202389376743818
"zipf_1840_~_zipf_1990",0.684769524386699,0.678995616045971,0.259058192480105,NA,-0.0358270746532282,-0.0131430138562232
"zipf_1840_~_spectral_diversity_1990",0.391523633522405,0.381575514458495,0.422131051835727,NA,-0.012740396815935,-0.0555250180101165
"zipf_1840_~_entropy_1990",0.278308505024878,0.261759018495355,0.548794422120927,NA,-0.0455456463498065,-0.041313449687699
"spectral_diversity_1840_~_betweenness_1990",0.340069824223565,0.785659368374515,0,NA,-9.45981375868684e-07,-0.0628919655524779
"spectral_diversity_1840_~_zipf_1990",0.355925570158362,0.381072998540027,0.541443430353668,NA,-0.0084622454897599,-0.0142078974767809
"spectral_diversity_1840_~_spectral_diversity_1990",0.739320468186806,0.728713957079343,0.629402202822315,NA,-0.0221292439053381,-0.0159079625517966
"entropy_1840_~_betweenness_1990",0.181446141499019,0.547021892889159,0,NA,-6.29507412970154e-07,-0.207146487300948
"entropy_1840_~_zipf_1990",0.287352696494206,0.317493547328712,0.403746017442799,NA,-0.0335826977605948,-0.0327781739614455
"entropy_1840_~_entropy_1990",0.562444724547222,0.561846465729344,0.355132717852234,NA,-0.121693369863613,-0.0996120396276683
"betweenness_1840_~_betweenness_2000",0.99,0.846386137370169,8.54320936629627e-05,NA,-0.000193596727151272,-7.71074357853811e-09
"betweenness_1840_~_zipf_2000",0.186947493375001,0.276204998410366,0.0905057558396731,NA,-0.137653143556771,-3.43590884867484e-12
"betweenness_1840_~_spectral_diversity_2000",0.99,0.379537191423892,1.17683640610267e-14,NA,-0.194028063652569,-3.81660173032686e-12
"betweenness_1840_~_entropy_2000",0.714835724150063,0.0259684171144251,0,NA,-1.24493183397596,-2.82322985484895e-14
"zipf_1840_~_betweenness_2000",0.547879278309759,0.6919221243902,0,NA,-5.54486153332501e-06,-0.159200989935124
"zipf_1840_~_zipf_2000",0.522577538305277,0.520810924840638,0.856937930053615,NA,-0.0904860677172664,-0.0968956928856319
"zipf_1840_~_spectral_diversity_2000",0.428846895038813,0.418935776454261,0.691981481491274,NA,-0.0058653559273693,-0.0331425391098466
"zipf_1840_~_entropy_2000",0.280461312708169,0.262691205940705,0.308867956001677,NA,-0.0556584225808709,-0.0383053262068602
"spectral_diversity_1840_~_betweenness_2000",0.368922462187139,0.789607655448705,0,NA,-4.12461666739923e-06,-0.0444515546574167
"spectral_diversity_1840_~_zipf_2000",0.349359638617647,0.35315384072892,0.823673219524657,NA,-0.0233693727318184,-0.00912909660690944
"spectral_diversity_1840_~_spectral_diversity_2000",0.740239717366659,0.735034663646018,0.934043995221908,NA,-0.0122108017359138,-0.0202114286250226
"entropy_1840_~_betweenness_2000",0.214890025630579,0.517226645214347,0,NA,-1.59961438013458e-06,-0.22688339119766
"entropy_1840_~_zipf_2000",0.264284740895436,0.292639028973466,0.391010562758662,NA,-0.0422051121635935,-0.0422405585185747
"entropy_1840_~_entropy_2000",0.575632191104039,0.575427024458143,0.437840836321253,NA,-0.0975389764618197,-0.116648280546712
"betweenness_1850_~_betweenness_1860",0.99,0.99,0.942228905533073,"Data contain duplicated values: LSCV is not well-behaved in this case",-4.44301026704086e-05,-0.000127728617617155
"betweenness_1850_~_zipf_1860",0.764136972504774,0.698896865800861,1.20717813523186e-09,NA,-0.0996421152666151,-1.25593480436783e-08
"betweenness_1850_~_spectral_diversity_1860",0.470819100291566,0.406865509814305,0.174603209953207,NA,-0.0635664536510054,-4.08271141643097e-10
"betweenness_1850_~_entropy_1860",0.594149952303584,0.0731781496738933,0,NA,-0.422017951365541,-2.30242409148029e-10
"zipf_1850_~_betweenness_1860",0.622816254581711,0.747067891267064,0.801648903545038,"Data contain duplicated values: LSCV is not well-behaved in this case",-6.3781686370638e-09,-0.127659094460998
"zipf_1850_~_zipf_1860",0.867426848690019,0.869795311252533,0.58750714378255,NA,-0.0486936510796641,-0.0511176867263033
"zipf_1850_~_spectral_diversity_1860",0.538476249151355,0.53195990731927,0.937077384219348,NA,-0.0174007966451746,-0.0276081048851204
"zipf_1850_~_entropy_1860",0.384392781739816,0.360529216491627,0.692033706518813,NA,-0.0555478758698078,-0.0652219898113083
"spectral_diversity_1850_~_betweenness_1860",0.409409312415142,0.781499299594026,0.00100927473308254,NA,-3.60431262818583e-09,-0.0486690685108444
"spectral_diversity_1850_~_zipf_1860",0.503857931349255,0.515146606539719,0.734740411297167,NA,-0.0256255506941552,-0.0320301778773071
"spectral_diversity_1850_~_spectral_diversity_1860",0.94569257666023,0.944392276107042,0.83490365189837,NA,-0.0187673860420496,-0.0186184247414183
"entropy_1850_~_betweenness_1860",0.0759259506579608,0.05149371342191,0.978863889850709,NA,-5.08956750019527e-10,-0.0326648681148506
"entropy_1850_~_zipf_1860",0.3345646832132,0.367722869748399,0.35234785927504,NA,-0.0499777566848732,-0.0496662179176022
"entropy_1850_~_entropy_1860",0.718474219326243,0.719825477555673,0.568455013676344,NA,-0.109865566410492,-0.0994840557596122
"betweenness_1850_~_betweenness_1870",0.99,0.99,0.98623642978002,"Data contain duplicated values: LSCV is not well-behaved in this case",-4.16802019683485e-05,-5.30723535801015e-05
"betweenness_1850_~_zipf_1870",0.687388891127951,0.674517668160317,6.61925600751179e-05,NA,-0.100666662741235,-5.9106393052988e-09
"betweenness_1850_~_spectral_diversity_1870",0.373404970062723,0.404288413465078,0.810719282931686,NA,-0.0532696808418325,-2.99004642080721e-11
"betweenness_1850_~_entropy_1870",0.601221805335732,0.0737836082269698,0,NA,-0.404801931661804,-2.43984697493058e-10
"zipf_1850_~_betweenness_1870",0.649904485414795,0.99,0.431652559221834,"Data contain duplicated values: LSCV is not well-behaved in this case",-6.83017154857233e-09,-0.170453303664722
"zipf_1850_~_zipf_1870",0.830131925025556,0.828694270312214,0.353938945585634,NA,-0.0609310135176294,-0.0718200351218063
"zipf_1850_~_spectral_diversity_1870",0.541940539905048,0.53509857938676,0.871600124477814,NA,-0.0109500713966141,-0.0254200613970151
"zipf_1850_~_entropy_1870",0.335114924484013,0.31313065352258,0.749415696569814,NA,-0.0619264224272621,-0.0724523862931215
"spectral_diversity_1850_~_betweenness_1870",0.425170974950847,0.914738141083323,2.54287702006195e-11,NA,-3.81318115047063e-09,-0.0610914667467245
"spectral_diversity_1850_~_zipf_1870",0.485315783889773,0.490031697847753,0.890050343628063,NA,-0.0348493867452,-0.0371669808788833
"spectral_diversity_1850_~_spectral_diversity_1870",0.924840802813037,0.921220080819099,0.894931595862047,NA,-0.0255582323108061,-0.0278778772034864
"entropy_1850_~_betweenness_1870",0.0957469557745898,0.643023206226589,3.75493369730862e-09,NA,-9.7796302172672e-10,-0.353315182813372
"entropy_1850_~_zipf_1870",0.303975436730854,0.331242702652983,0.983767376745838,NA,-0.0712768810180262,-0.0433193168513201
"entropy_1850_~_entropy_1870",0.630426541052574,0.632013573047793,0.914723580266439,NA,-0.137926518938071,-0.138380333273825
"betweenness_1850_~_betweenness_1880",0.99,0.99,0.999863414128172,"Data contain duplicated values: LSCV is not well-behaved in this case",-3.60068677895298e-07,-3.05361930790696e-07
"betweenness_1850_~_zipf_1880",0,0.443710721691034,0,"Data contain duplicated values: LSCV is not well-behaved in this case",0.73808203471816,-6.04248745423383e-11
"betweenness_1850_~_spectral_diversity_1880",0.334166594054076,0.393258228948612,0.901289539896184,NA,-0.0475304806276174,-2.90462786248938e-11
"betweenness_1850_~_entropy_1880",0.379952794129346,0.0775398140446743,0,NA,-0.22075941264866,-3.93973926825998e-10
"zipf_1850_~_betweenness_1880",0.688550786134586,0.824680465917507,0,"Data contain duplicated values: LSCV is not well-behaved in this case",-5.95048534877198e-08,-0.105253683168152
"zipf_1850_~_zipf_1880",0.881264585491135,0.879228743192774,0.687039453752617,NA,-0.0360818296164805,-0.0412871504800741
"zipf_1850_~_spectral_diversity_1880",0.543517029091029,0.543173424478037,0.686981281826681,NA,-0.00749100885583086,-0.0270243951603194
"zipf_1850_~_entropy_1880",0.327858730918011,0.312237019910023,0.735241644253328,NA,-0.0491720113566409,-0.0768991704332929
"spectral_diversity_1850_~_betweenness_1880",0.410757688997655,0.893201800239028,0,NA,-2.37858730507388e-08,-0.036013019667814
"spectral_diversity_1850_~_zipf_1880",0.524324800207736,0.526833572933834,0.987856476440405,NA,-0.0193762379148895,-0.0160460703684024
"spectral_diversity_1850_~_spectral_diversity_1880",0.936538353328769,0.93574514652527,0.274477926434521,NA,-0.0211069434228606,-0.0121668914672118
"entropy_1850_~_betweenness_1880",0.112358667877718,0.558780503212845,0,NA,-7.6812066862128e-09,-0.263758855332598
"entropy_1850_~_zipf_1880",0.31306514402643,0.341940671458341,0.584470814302955,NA,-0.0599723110068033,-0.0497145759105533
"entropy_1850_~_entropy_1880",0.744523883167623,0.744181073199132,0.143570580305243,NA,-0.0769584938040772,-0.0996598339690933
"betweenness_1850_~_betweenness_1890",0.742576573942889,0.780444950696662,0.0868276866503175,NA,-0.111575432060215,-0.128775458865703
"betweenness_1850_~_zipf_1890",0,0.37862886892431,0,NA,0.351442117928002,-1.91690051180679e-11
"betweenness_1850_~_spectral_diversity_1890",0.267243102098862,0.410827956556314,0.264185466346275,NA,-0.0381126073156853,-2.80344770024803e-11
"betweenness_1850_~_entropy_1890",0.485157523253325,0.0636050825895438,0,NA,-0.41933425942614,-8.52286838604952e-11
"zipf_1850_~_betweenness_1890",0.732508401559727,0.845743849787224,0,NA,-2.01699579593961e-07,-0.0899480899985179
"zipf_1850_~_zipf_1890",0.843936464894461,0.842844182240489,0.855964078063437,NA,-0.049990634528979,-0.0529098987701309
"zipf_1850_~_spectral_diversity_1890",0.522110595146843,0.510733589798165,0.844151854881505,NA,-0.0287680027341356,-0.0313675666306463
"zipf_1850_~_entropy_1890",0.343302958542354,0.322070380324315,0.557675449300663,NA,-0.0637453742637028,-0.0646173246365285
"spectral_diversity_1850_~_betweenness_1890",0.394343538257651,0.868179877202198,0,NA,-8.4882278362427e-08,-0.0413800336001851
"spectral_diversity_1850_~_zipf_1890",0.501986507681842,0.499272143813194,0.703646932192189,NA,-0.029785919414852,-0.0123644702731735
"spectral_diversity_1850_~_spectral_diversity_1890",0.928003063895302,0.926258044328956,0.995158192008444,NA,-0.0175721186163917,-0.019256475647764
"entropy_1850_~_betweenness_1890",0.141606501055072,0.612132944576645,0,NA,-2.20005048060756e-08,-0.228354539658786
"entropy_1850_~_zipf_1890",0.312256343944916,0.341509292561322,0.698293801865903,NA,-0.0672045481663385,-0.0511621733293914
"entropy_1850_~_entropy_1890",0.655363682518382,0.655237558366583,0.493876801682525,NA,-0.121363816159924,-0.134308069269915
"betweenness_1850_~_betweenness_1900",0.99,0.99,0.999208072571732,NA,-2.31831777653703e-06,-1.62706311542132e-07
"betweenness_1850_~_zipf_1900",0,0.661367783499626,0,NA,0.0253932165078278,-4.77044583894371e-09
"betweenness_1850_~_spectral_diversity_1900",0.157778496126509,0.395347641592323,0.0264621241436589,NA,-0.0225623684285358,-4.20784315476328e-11
"betweenness_1850_~_entropy_1900",0.408886897992948,0.0615118752459388,0,NA,-0.395593190316127,-7.60103755506737e-11
"zipf_1850_~_betweenness_1900",0.676810111212419,0.806410469370737,0,NA,-2.07768449372038e-07,-0.116306271112796
"zipf_1850_~_zipf_1900",0.77402747732691,0.771165710789366,0.193155341812314,NA,-0.0803438026476055,-0.0648459714310124
"zipf_1850_~_spectral_diversity_1900",0.521576136910885,0.514884934341967,0.804696519254272,NA,-0.0148127446663315,-0.0322514091074561
"zipf_1850_~_entropy_1900",0.341986573901131,0.324028317231446,0.941668762348919,NA,-0.0537611496728176,-0.0741833857863494
"spectral_diversity_1850_~_betweenness_1900",0.406563441213993,0.88187298267001,0,NA,-1.05863910418491e-07,-0.035301659820425
"spectral_diversity_1850_~_zipf_1900",0.454797419803963,0.452335998790247,0.455745688834698,NA,-0.0483881658203101,-0.0122796889779648
"spectral_diversity_1850_~_spectral_diversity_1900",0.904850826326399,0.902189919980234,0.685331678715783,NA,-0.0159051988681242,-0.0124977571859292
"entropy_1850_~_betweenness_1900",0.160863740749484,0.603857831507431,0,NA,-9.11816211994958e-08,-0.183604528788566
"entropy_1850_~_zipf_1900",0.292272482085076,0.320867851335318,0.577364463375712,NA,-0.0649067265580176,-0.0549487046067153
"entropy_1850_~_entropy_1900",0.644262058488532,0.645020633306499,0.889914596242879,NA,-0.119261975873145,-0.121176938138446
"betweenness_1850_~_betweenness_1910",0.988273252570817,0.99,0.449417594515871,NA,-4.66490468686213e-06,-2.69115769180494e-06
"betweenness_1850_~_zipf_1910",0,0.492642332268738,0,NA,0.383886717181726,-5.25490411265246e-10
"betweenness_1850_~_spectral_diversity_1910",0.470981443280644,0.389521607616378,0.12463180532796,NA,-0.0672754486809715,-4.40576115421219e-10
"betweenness_1850_~_entropy_1910",0.550133316638817,0.0624314021327891,0,NA,-0.473785489630019,-2.14471087873994e-10
"zipf_1850_~_betweenness_1910",0.597511553183022,0.725352139983674,0,NA,-1.28789003347419e-07,-0.174283838105765
"zipf_1850_~_zipf_1910",0.693229413589889,0.689628411332277,0.00106581494960967,NA,-0.122074043617438,-0.0665633028879531
"zipf_1850_~_spectral_diversity_1910",0.48927981258528,0.488543230077039,0.513978003092185,NA,-0.0129527726237381,-0.0420771457219735
"zipf_1850_~_entropy_1910",0.371600575355329,0.347323345357438,0.761745595897126,NA,-0.0315627081234068,-0.0664890072370536
"spectral_diversity_1850_~_betweenness_1910",0.358563518843483,0.834651816973912,0,NA,-9.57300762961988e-08,-0.0670698354180958
"spectral_diversity_1850_~_zipf_1910",0.424237678660487,0.422762306261388,0.503436649758661,NA,-0.0477158602329264,-0.0150915010891516
"spectral_diversity_1850_~_spectral_diversity_1910",0.861259644289439,0.85666450550161,0.835521406097074,NA,-0.0214043417700312,-0.0217481384893658
"entropy_1850_~_betweenness_1910",0.135156380979662,0.576823983866891,0,NA,-2.76393588398619e-08,-0.266994425455866
"entropy_1850_~_zipf_1910",0.28779261490754,0.31876245542835,0.493739170511621,NA,-0.0644980298259383,-0.056323404809484
"entropy_1850_~_entropy_1910",0.601571407679279,0.603177334510075,0.726458547775468,NA,-0.12789021195719,-0.133773768271401
"betweenness_1850_~_betweenness_1920",0.99,0.99,0.999307939910506,NA,-1.18495325127081e-06,-2.54032548575617e-07
"betweenness_1850_~_zipf_1920",0.99,0.526784668448533,0,"Data contain duplicated values: LSCV is not well-behaved in this case",-0.455593279390663,-9.47752801642156e-10
"betweenness_1850_~_spectral_diversity_1920",0.47954526181944,0.385356108083909,0.0946206583646847,NA,-0.0687223340959243,-3.98184779374538e-10
"betweenness_1850_~_entropy_1920",0.447476015197124,0.0639005055987133,0,NA,-0.37391875474762,-1.4176256988821e-10
"zipf_1850_~_betweenness_1920",0.631893945731784,0.784919402605225,0,NA,-4.89254879085498e-08,-0.125421671435108
"zipf_1850_~_zipf_1920",0.667560901483324,0.664610914584605,0.778244072249598,NA,-0.0976026097946187,-0.0952120272291522
"zipf_1850_~_spectral_diversity_1920",0.468809816022211,0.465767968889722,0.358995141790891,NA,-0.0140349101316421,-0.0549469093089578
"zipf_1850_~_entropy_1920",0.324084926466916,0.309140742266261,0.128546493380242,NA,-0.0224245601594539,-0.0894410252316657
"spectral_diversity_1850_~_betweenness_1920",0.33322353398086,0.856509871332904,0,NA,-2.37049887158704e-08,-0.0611733914450148
"spectral_diversity_1850_~_zipf_1920",0.400522047429363,0.402662570538005,0.610766704395355,NA,-0.0484977925287508,-0.0209529974158057
"spectral_diversity_1850_~_spectral_diversity_1920",0.850686464745098,0.844276756923654,0.752794380469143,NA,-0.0164153801590422,-0.0296532980079236
"entropy_1850_~_betweenness_1920",0.133550251533131,0.578472299211147,0,NA,-1.24412147027241e-08,-0.263452652335527
"entropy_1850_~_zipf_1920",0.283023494691968,0.309274080609814,0.63293716674649,NA,-0.0658148790627999,-0.0552645465952787
"entropy_1850_~_entropy_1920",0.597138965440093,0.597259824114519,0.86884593764111,NA,-0.135809503876857,-0.132358146794452
"betweenness_1850_~_betweenness_1930",0.971641441008627,0.976452403975389,0.387118205947843,"Data contain duplicated values: LSCV is not well-behaved in this case",-2.76108997619539e-05,-3.71948796521143e-05
"betweenness_1850_~_zipf_1930",0.668425769497882,0.568645079152132,8.88178419700125e-16,NA,-0.166076407150763,-8.33328026606489e-09
"betweenness_1850_~_spectral_diversity_1930",0.361677502719831,0.383760515430897,0.735681886267763,NA,-0.0547597376968569,-5.1356808177062e-10
"betweenness_1850_~_entropy_1930",0.446646446945018,0.0523050822171646,0,NA,-0.467822924994854,-1.38478241161671e-10
"zipf_1850_~_betweenness_1930",0.528902390375308,0.71589212085944,0,NA,-1.14976850884524e-08,-0.219250992720258
"zipf_1850_~_zipf_1930",0.620057518239622,0.614734433171501,0.183216626902806,NA,-0.11049775803822,-0.0859548734283736
"zipf_1850_~_spectral_diversity_1930",0.472475974452819,0.468166347039684,0.45393596397856,NA,-0.00621785748384034,-0.0429316234566467
"zipf_1850_~_entropy_1930",0.297223210143751,0.280537027632676,0.603764864452779,NA,-0.0589987815151512,-0.0578665287596409
"spectral_diversity_1850_~_betweenness_1930",0.328119820991502,0.851425750569733,0,NA,-7.15237687285074e-09,-0.0830112153368878
"spectral_diversity_1850_~_zipf_1930",0.386921886524705,0.389593260705349,0.688213488640857,NA,-0.0411117059913484,-0.0182306615963758
"spectral_diversity_1850_~_spectral_diversity_1930",0.820157064676977,0.811454846162549,0.908029837108569,NA,-0.0101581377147997,-0.0218664239182926
"entropy_1850_~_betweenness_1930",0.105891917335887,0.4844758932827,0,NA,-1.74439059871222e-09,-0.317748011715486
"entropy_1850_~_zipf_1930",0.272131508692737,0.301297061013571,0.409098266977598,NA,-0.05764388416812,-0.0561816764844059
"entropy_1850_~_entropy_1930",0.601739666482335,0.602541099809951,0.838875803827983,NA,-0.113444454282151,-0.117109193274677
"betweenness_1850_~_betweenness_1940",0.984709407121262,0.989181354682697,0.260043916597256,"Data contain duplicated values: LSCV is not well-behaved in this case",-7.46767743740678e-07,-4.37914724437187e-07
"betweenness_1850_~_zipf_1940",0.99,0.471189767024101,0,"Data contain duplicated values: LSCV is not well-behaved in this case",-0.589253227761082,-1.52871696518811e-09
"betweenness_1850_~_spectral_diversity_1940",0.428441503759057,0.384064352858181,0.270858458890783,NA,-0.0621288632800781,-4.44357565155738e-10
"betweenness_1850_~_entropy_1940",0.371510102064095,0.0604881560200288,0,NA,-0.343906889042565,-1.3209807590274e-10
"zipf_1850_~_betweenness_1940",0.50779890841344,0.66957327589236,0,"Data contain duplicated values: LSCV is not well-behaved in this case",-5.13572019848944e-08,-0.209724233714115
"zipf_1850_~_zipf_1940",0.516966860853656,0.514512169041977,0.580789048423983,NA,-0.13797586105938,-0.127887734095495
"zipf_1850_~_spectral_diversity_1940",0.486543041744844,0.489562366011927,0.432144246162572,NA,-0.00280713862894736,-0.0342893087151737
"zipf_1850_~_entropy_1940",0.342914895050421,0.326800038295561,0.717098565797766,NA,-0.0295436800806447,-0.0592746404216289
"spectral_diversity_1850_~_betweenness_1940",0.340648076974531,0.846059023976901,0,NA,-2.56068423002955e-08,-0.055761909844576
"spectral_diversity_1850_~_zipf_1940",0.375716103520939,0.378944267252663,0.687900662467686,NA,-0.038873413611367,-0.015648823689353
"spectral_diversity_1850_~_spectral_diversity_1940",0.824326555850784,0.822050409284702,0.668091838169429,NA,-0.00627731804150925,-0.0188736685697103
"entropy_1850_~_betweenness_1940",0.110667436749432,0.526603725420825,0,NA,-8.29734163176304e-09,-0.291245934820219
"entropy_1850_~_zipf_1940",0.278283103022244,0.309663580773752,0.297462977948572,NA,-0.0526224280407037,-0.0559798843472678
"entropy_1850_~_entropy_1940",0.602644707670745,0.602878661744584,0.967457507178588,NA,-0.123709949631206,-0.12259495782568
"betweenness_1850_~_betweenness_1950",0.99,0.986120941887551,0.23641137577764,"Data contain duplicated values: LSCV is not well-behaved in this case",-1.64273178778884e-05,-8.2148666557446e-08
"betweenness_1850_~_zipf_1950",0.83991216147115,0.553979297077472,0,NA,-0.201133433564088,-2.16819001907811e-09
"betweenness_1850_~_spectral_diversity_1950",0.518953948438241,0.387295416289424,0.0360765289651457,NA,-0.0731504220046963,-3.69997339194896e-10
"betweenness_1850_~_entropy_1950",0.454393746563228,0.0519306143889898,0,NA,-0.503149979549512,-8.06266944807158e-11
"zipf_1850_~_betweenness_1950",0.564759757467681,0.725770336425022,0,NA,-2.15548429121693e-08,-0.19329695956035
"zipf_1850_~_zipf_1950",0.548184359267095,0.54440312966533,0.0635933810006462,NA,-0.136616256988432,-0.0979201773567012
"zipf_1850_~_spectral_diversity_1950",0.453826900398723,0.440391704401411,0.67193844139922,NA,-0.0159994700605734,-0.0468809159489189
"zipf_1850_~_entropy_1950",0.312316044392911,0.297279656242751,0.877797012753872,NA,-0.0501585980625271,-0.0599347280567058
"spectral_diversity_1850_~_betweenness_1950",0.342242663471057,0.823489121783093,0,NA,-1.39508756902525e-08,-0.108885000180424
"spectral_diversity_1850_~_zipf_1950",0.405822556986625,0.410013898340745,0.960022505928421,NA,-0.0128030682666972,-0.00589417592058836
"spectral_diversity_1850_~_spectral_diversity_1950",0.796328548654114,0.789789960143751,0.931792760807703,NA,-0.0161694866545798,-0.0202736448390483
"entropy_1850_~_betweenness_1950",0.122057758802348,0.55789696860567,0,NA,-6.96809345954855e-09,-0.302901151512539
"entropy_1850_~_zipf_1950",0.3121160556435,0.363293356616639,0.00724796123573257,NA,-0.0108550492196257,-0.0581099478680651
"entropy_1850_~_entropy_1950",0.618902158157229,0.622577888887145,0.469034452336067,NA,-0.0972276588017614,-0.109760581331114
"betweenness_1850_~_betweenness_1960",0.960501435593881,0.948688866022031,0.35523457421455,NA,-6.22682491627555e-05,-7.88404874722912e-06
"betweenness_1850_~_zipf_1960",0.724342464324351,0.615426692126081,3.58600193983705e-09,"Data contain duplicated values: LSCV is not well-behaved in this case",-0.108845779695076,-1.0842195998779e-08
"betweenness_1850_~_spectral_diversity_1960",0.628902121312714,0.396971467538268,0.00298724227582325,NA,-0.0612496012390938,-1.29270313588002e-09
"betweenness_1850_~_entropy_1960",0.462274452120708,0.0522737897082151,0,NA,-0.393997843571314,-2.09879171947421e-10
"zipf_1850_~_betweenness_1960",0.518048667750132,0.659871655528302,0,NA,-1.96825925149335e-07,-0.213393076786419
"zipf_1850_~_zipf_1960",0.648068985102334,0.644458481646366,0.33952902924564,NA,-0.056637252404454,-0.0816953608335373
"zipf_1850_~_spectral_diversity_1960",0.445102413740821,0.429654283566267,0.891941819316025,NA,-0.0193871437406072,-0.0406194733801268
"zipf_1850_~_entropy_1960",0.273869588483931,0.256103428309658,0.831090242152403,NA,-0.0497499649965152,-0.0600872491478504
"spectral_diversity_1850_~_betweenness_1960",0.341863471072509,0.796292796588304,0,NA,-1.13222697543409e-07,-0.104367262164144
"spectral_diversity_1850_~_zipf_1960",0.374230577397576,0.37351849555022,0.554251211908801,NA,-0.0339348678239268,-0.00504478422467597
"spectral_diversity_1850_~_spectral_diversity_1960",0.799896263119956,0.796896574855209,0.767683930843984,NA,-0.0164410490363857,-0.0110564631652793
"entropy_1850_~_betweenness_1960",0.150404751845771,0.571393653545694,0,NA,-4.95045414447752e-08,-0.265754882365518
"entropy_1850_~_zipf_1960",0.259254573469684,0.288417471019032,0.50293433010488,NA,-0.0534610758901359,-0.0466702814959726
"entropy_1850_~_entropy_1960",0.568114279968415,0.570398808502408,0.816222469889778,NA,-0.124980704048097,-0.127998878154289
"betweenness_1850_~_betweenness_1970",0.590324523649715,0.614733946366794,0.638309464571032,NA,-0.0954440356771317,-0.0946064398366931
"betweenness_1850_~_zipf_1970",0.99,0.450932861134978,0,"Data contain duplicated values: LSCV is not well-behaved in this case",-0.451396424357373,-1.58780721495804e-09
"betweenness_1850_~_spectral_diversity_1970",0.632617042109014,0.405743588945912,0.00312899949923673,NA,-0.0639317870091005,-1.42411448096876e-09
"betweenness_1850_~_entropy_1970",0.397169889609671,0.050252684755023,0,NA,-0.397630464669899,-1.06530400111479e-10
"zipf_1850_~_betweenness_1970",0.505849588080487,0.655958525773606,0,NA,-3.66706606786315e-07,-0.197308925090875
"zipf_1850_~_zipf_1970",0.533740733585138,0.530427416483005,0.383826090486087,NA,-0.121698194668018,-0.104437033151976
"zipf_1850_~_spectral_diversity_1970",0.45259627205374,0.439215656332831,0.594958216143331,NA,-0.0119337668715208,-0.0479806534130028
"zipf_1850_~_entropy_1970",0.283401468898849,0.269749822701797,0.597403360801103,NA,-0.0574673369972639,-0.0535748445855543
"spectral_diversity_1850_~_betweenness_1970",0.293032413052523,0.798154760939843,0,NA,-1.02145494303025e-07,-0.0951602919169587
"spectral_diversity_1850_~_zipf_1970",0.375110786389311,0.371190896277802,0.483293183653612,NA,-0.0342684880870994,-0.00373371659846175
"spectral_diversity_1850_~_spectral_diversity_1970",0.782813645828456,0.778958836998408,0.772986386492717,NA,-0.0142056140384342,-0.0265286566241565
"entropy_1850_~_betweenness_1970",0.149854079989187,0.563703636416586,0,NA,-5.47645340479407e-08,-0.252061618123667
"entropy_1850_~_zipf_1970",0.244966880272037,0.271183702351736,0.713400977308329,NA,-0.0588475832725959,-0.0445572360925546
"entropy_1850_~_entropy_1970",0.560153297314107,0.560117900908506,0.833412256101093,NA,-0.123508823168323,-0.128480478063897
"betweenness_1850_~_betweenness_1980",0.982010454529361,0.848969861387703,2.30653612247611e-05,"Data contain duplicated values: LSCV is not well-behaved in this case",-0.000329166843517846,-1.60349265587921e-08
"betweenness_1850_~_zipf_1980",0,0.402489435405255,0,NA,0.0949635823893827,-4.58580729033516e-10
"betweenness_1850_~_spectral_diversity_1980",0.483732248648302,0.395606760241987,0.108011894329664,NA,-0.0688437918536799,-4.97801721881622e-10
"betweenness_1850_~_entropy_1980",0.429229856445381,0.0454737998415006,0,NA,-0.423947840532703,-1.34465885124814e-10
"zipf_1850_~_betweenness_1980",0.506340443844428,0.614664272286724,0,NA,-1.64787197790598e-06,-0.190932183876936
"zipf_1850_~_zipf_1980",0.686039188497207,0.680808985295275,0.631418022789163,NA,-0.0367107375561895,-0.0527793772891321
"zipf_1850_~_spectral_diversity_1980",0.418185033125785,0.404106080723113,0.544988836555104,NA,-0.022268706353844,-0.0609134605764814
"zipf_1850_~_entropy_1980",0.285222438363485,0.26510148170755,0.861585947325973,NA,-0.0401511688692969,-0.0539155549066193
"spectral_diversity_1850_~_betweenness_1980",0.321978492655682,0.729908666104125,0,NA,-1.13689352946665e-06,-0.073371237073888
"spectral_diversity_1850_~_zipf_1980",0.365338099269445,0.360377601256409,0.458248131982377,NA,-0.0352267684255741,-0.00425159544745497
"spectral_diversity_1850_~_spectral_diversity_1980",0.765415790482605,0.76501037001121,0.939964963433807,NA,-0.0226289541775496,-0.025341210898737
"entropy_1850_~_betweenness_1980",0.15697798187092,0.544806768043403,0,NA,-1.45083160005961e-07,-0.233584533946009
"entropy_1850_~_zipf_1980",0.243689093502168,0.270284123530639,0.827421905412012,NA,-0.0601503947674681,-0.0406332950016615
"entropy_1850_~_entropy_1980",0.572674833260338,0.574072683726323,0.618164756418623,NA,-0.113327600818429,-0.123800766676158
"betweenness_1850_~_betweenness_1990",0.691271576680873,0.707698568448803,0.837753921244903,NA,-0.0423050126982332,-0.0367899228426612
"betweenness_1850_~_zipf_1990",0.323318273687267,0.334836089832762,2.67513811103015e-09,NA,-0.192342932063466,-4.28238710191677e-10
"betweenness_1850_~_spectral_diversity_1990",0.557181053819129,0.359533907980892,0.00379939392445894,NA,-0.0837943937638653,-3.58043935522666e-10
"betweenness_1850_~_entropy_1990",0.416082169191777,0.0397798177140584,0,NA,-0.529247363658906,-5.82729037494305e-11
"zipf_1850_~_betweenness_1990",0.522201715161597,0.65727993135976,0,NA,-1.60096455809773e-06,-0.189818864222951
"zipf_1850_~_zipf_1990",0.532380273061301,0.530283595633765,0.83694865460212,NA,-0.0954696323655199,-0.102648661911436
"zipf_1850_~_spectral_diversity_1990",0.397811594706907,0.388081157031821,0.362637127503308,NA,-0.0126788212891361,-0.059805659061105
"zipf_1850_~_entropy_1990",0.27031065070632,0.254421132760489,0.500752005060383,NA,-0.0520999899686252,-0.0451654285486063
"spectral_diversity_1850_~_betweenness_1990",0.324634738412429,0.760298953472023,0,NA,-9.44579011269595e-07,-0.0866800775890482
"spectral_diversity_1850_~_zipf_1990",0.352793829682725,0.354208587956626,0.631289632665658,NA,-0.0299082075748633,-0.00544078450843854
"spectral_diversity_1850_~_spectral_diversity_1990",0.740295387264248,0.738147076954712,0.974564509162108,NA,-0.0189949014407898,-0.0200189422494076
"entropy_1850_~_betweenness_1990",0.187786160863929,0.582575410898923,0,NA,-6.081371724381e-07,-0.192585241002887
"entropy_1850_~_zipf_1990",0.262292438258873,0.292103660097356,0.630225919426493,NA,-0.049385494386179,-0.0361312755743733
"entropy_1850_~_entropy_1990",0.578457350806104,0.57863743074605,0.821632084754891,NA,-0.110445312070941,-0.104536013768755
"betweenness_1850_~_betweenness_2000",0.980571878731854,0.915847203428087,0.00358082654540737,NA,-3.1643086265333e-05,-3.91141355695587e-08
"betweenness_1850_~_zipf_2000",0,0.316157994475916,0,NA,0.529359233084655,-3.15677430197026e-10
"betweenness_1850_~_spectral_diversity_2000",0.53668783786517,0.366789003844423,0.0113082996803484,NA,-0.0816141286058997,-4.21133056687168e-10
"betweenness_1850_~_entropy_2000",0.34438375976403,0.038612939589434,0,NA,-0.407708851990898,-7.2057737765642e-11
"zipf_1850_~_betweenness_2000",0.565692870664797,0.710462347907279,0,NA,-5.62634408413412e-06,-0.141375716256197
"zipf_1850_~_zipf_2000",0.522567621746515,0.520739426481936,0.99287913395846,NA,-0.101442087994009,-0.103490886807861
"zipf_1850_~_spectral_diversity_2000",0.413615523596196,0.401001636887213,0.555230084464043,NA,-0.011869704906298,-0.0495048296652273
"zipf_1850_~_entropy_2000",0.276510498662499,0.258920410567284,0.311151787354763,NA,-0.0591220795710819,-0.0421573705370301
"spectral_diversity_1850_~_betweenness_2000",0.349994216303482,0.797558217249492,0,NA,-2.60036941684389e-06,-0.05714429623646
"spectral_diversity_1850_~_zipf_2000",0.347230085312035,0.345124823767275,0.530278294182071,NA,-0.0339879552945246,-0.0072264952069152
"spectral_diversity_1850_~_spectral_diversity_2000",0.726970403479404,0.727891535108311,0.860632945313741,NA,-0.021632352339573,-0.0269758967096807
"entropy_1850_~_betweenness_2000",0.221742116119717,0.556852271490589,0,NA,-1.34683255389748e-06,-0.213806925811379
"entropy_1850_~_zipf_2000",0.264259537394447,0.29769055525553,0.20010735499411,NA,-0.0366993762698297,-0.0473651670630296
"entropy_1850_~_entropy_2000",0.613277246471034,0.613356214842239,0.649237419197962,NA,-0.103688098519717,-0.0923387055304759
"betweenness_1860_~_betweenness_1870",0.989429084773174,0.99,0.978462181542782,"Data contain duplicated values: LSCV is not well-behaved in this case",-0.00115233918548512,-0.000513392817162223
"betweenness_1860_~_zipf_1870",0,0.618842383509577,0,NA,0.114240590050445,-5.04919463246362e-09
"betweenness_1860_~_spectral_diversity_1870",0.753970984549583,0.407601124727742,5.07404263117017e-06,NA,-0.0539264033292187,-3.08983456505092e-09
"betweenness_1860_~_entropy_1870",0.0868921079483364,0.0857358857153397,0.0684384896203132,NA,-0.0473873222190192,-6.31167981438883e-10
"zipf_1860_~_betweenness_1870",0.671371179862844,0.641482087939154,0.876728980191622,NA,-9.05321452812328e-09,-0.0958451848865546
"zipf_1860_~_zipf_1870",0.904866273938032,0.900102008557701,0.608505659934979,NA,-0.0324274019321752,-0.040549793422487
"zipf_1860_~_spectral_diversity_1870",0.544631258425721,0.53686187683362,0.990739950374108,NA,-0.0123973347298621,-0.0195972088766213
"zipf_1860_~_entropy_1870",0.414930052469191,0.372581955760544,0.0702954981738466,NA,-0.0553201734150524,-0.0228307686536406
"spectral_diversity_1860_~_betweenness_1870",0.405628643131203,0.874034913614991,4.28155002563102e-08,NA,-2.70809811102214e-09,-0.125135382974085
"spectral_diversity_1860_~_zipf_1870",0.544917263392183,0.547768985141767,0.946130749957585,NA,-0.0155092962947139,-0.0163841127133137
"spectral_diversity_1860_~_spectral_diversity_1870",0.92620023177835,0.924065988610425,0.987012267586417,NA,-0.0312100394770234,-0.0335099512717163
"entropy_1860_~_betweenness_1870",0.109608134878871,0.65003588537392,3.71873110083243e-09,NA,-1.21583355866495e-09,-0.301647241320074
"entropy_1860_~_zipf_1870",0.36200993824128,0.393119296928729,0.603696919808667,NA,-0.0575022725625709,-0.0443578582963137
"entropy_1860_~_entropy_1870",0.660000266877234,0.660104245131131,0.949302301203705,NA,-0.129904496442132,-0.128657098242462
"betweenness_1860_~_betweenness_1880",0.99,0.99,0.999319865381812,"Data contain duplicated values: LSCV is not well-behaved in this case",-1.01003203915555e-06,-7.89993869606504e-07
"betweenness_1860_~_zipf_1880",0,0.577244363325685,0,"Data contain duplicated values: LSCV is not well-behaved in this case",0.118846788863131,-4.74278913512617e-09
"betweenness_1860_~_spectral_diversity_1880",0.751900090624177,0.40553304887415,9.77796673629072e-06,NA,-0.0471303189737917,-2.7285123945945e-09
"betweenness_1860_~_entropy_1880",0.0211991315340498,0.0866794976489518,0.0382230496119225,NA,-0.0105686907948263,-4.75668708042578e-10
"zipf_1860_~_betweenness_1880",0.697382148611451,0.817568425830715,0,NA,-6.14498526942775e-08,-0.102911984395447
"zipf_1860_~_zipf_1880",0.726629787080592,0.722509733796814,0.277693376399287,NA,-0.120972835146264,-0.109137323848525
"zipf_1860_~_spectral_diversity_1880",0.546440153511558,0.544051327889347,0.837341325345479,NA,-0.00876833303137979,-0.0213303015972238
"zipf_1860_~_entropy_1880",0.389118128975208,0.358137355573899,0.313288056780953,NA,-0.0442031290447999,-0.0350567578895215
"spectral_diversity_1860_~_betweenness_1880",0.409040157537916,0.880300924029688,0,NA,-2.57929895746933e-08,-0.0402338201144153
"spectral_diversity_1860_~_zipf_1880",0.545774480686923,0.543135746962065,0.818852654924925,NA,-0.0200754152096354,-0.0101897232521193
"spectral_diversity_1860_~_spectral_diversity_1880",0.924442515703671,0.923463279167597,0.834200896104446,NA,-0.0297432283575122,-0.0328985633579807
"entropy_1860_~_betweenness_1880",0.129876379755396,0.581054074231052,0,NA,-9.78834448634113e-09,-0.224326530181695
"entropy_1860_~_zipf_1880",0.380329084645675,0.414651482326187,0.352558436961627,NA,-0.0466639028626339,-0.0440786983024997
"entropy_1860_~_entropy_1880",0.721271638986971,0.719032537744626,0.723639752790309,NA,-0.100835795567384,-0.0969322419610159
"betweenness_1860_~_betweenness_1890",0.99,0.99,0.996798423056756,NA,-1.22177151101018e-05,-1.60411377986356e-07
"betweenness_1860_~_zipf_1890",0.195834014252546,0.662035482037886,0,NA,-0.028271355345021,-6.19566407634798e-09
"betweenness_1860_~_spectral_diversity_1890",0.74078919184432,0.420819139391618,3.59551089161858e-05,NA,-0.0567159085145115,-2.81486225078875e-09
"betweenness_1860_~_entropy_1890",0,0.0836773177733204,6.68713206344318e-05,NA,0.0187516302081125,-4.64374393568817e-10
"zipf_1860_~_betweenness_1890",0.730117630162787,0.834457598028489,0,NA,-1.32912146746377e-07,-0.0960541220719724
"zipf_1860_~_zipf_1890",0.939300596404959,0.93287356123757,0.754759194850685,NA,-0.0136487408289183,-0.0178555660958
"zipf_1860_~_spectral_diversity_1890",0.544447061423106,0.539438042123379,0.925312986814553,NA,-0.0146567268773486,-0.0242015985298449
"zipf_1860_~_entropy_1890",0.316077833455915,0.294284872146866,0.809322227128425,NA,-0.0663260013528583,-0.0802876138461371
"spectral_diversity_1860_~_betweenness_1890",0.389325506419512,0.847426897788027,0,NA,-8.59750689863887e-08,-0.05507735640314
"spectral_diversity_1860_~_zipf_1890",0.506004887435626,0.504885537720375,0.863786791091256,NA,-0.0280938797665696,-0.0201434590656325
"spectral_diversity_1860_~_spectral_diversity_1890",0.923245747864723,0.922164433277693,0.877012896466893,NA,-0.0288334693152739,-0.0315578658975698
"entropy_1860_~_betweenness_1890",0.168558306263411,0.620276644823589,0,NA,-5.08156656825052e-08,-0.175815564322191
"entropy_1860_~_zipf_1890",0.369185660184855,0.40074770373433,0.5542860002089,NA,-0.0605559386997151,-0.0489395236510818
"entropy_1860_~_entropy_1890",0.778667395790986,0.77323120024232,0.864173846977749,NA,-0.0768117182873763,-0.0796148806469144
"betweenness_1860_~_betweenness_1900",0.99,0.99,0.998827307345862,NA,-3.1220391371492e-06,-4.41497357671814e-07
"betweenness_1860_~_zipf_1900",0,0.559055022085037,0,NA,0.262878220190058,-4.03515582617888e-09
"betweenness_1860_~_spectral_diversity_1900",0.705977197453413,0.414132598377241,0.000610276761928708,NA,-0.0536467642027701,-2.7840412969114e-09
"betweenness_1860_~_entropy_1900",0.0109674979018667,0.0842385348285156,0.00579469036780123,NA,-0.00633292008501497,-5.87724405155685e-10
"zipf_1860_~_betweenness_1900",0.695042842428294,0.810586053294416,0,NA,-2.0439924752937e-07,-0.104317791273496
"zipf_1860_~_zipf_1900",0.83649174741837,0.829669664969448,0.069108063322237,NA,-0.0597940470336913,-0.0457275917473799
"zipf_1860_~_spectral_diversity_1900",0.537458229075628,0.53337145409909,0.846954590420903,NA,-0.012593341485636,-0.0254826666072269
"zipf_1860_~_entropy_1900",0.393313753642373,0.360491314733196,0.278981586943122,NA,-0.0505875116350842,-0.0443852214768296
"spectral_diversity_1860_~_betweenness_1900",0.397276957810117,0.852395787287445,0,NA,-1.18058635555665e-07,-0.0542347630750098
"spectral_diversity_1860_~_zipf_1900",0.495382445603018,0.490667969130406,0.641318623664125,NA,-0.0304444350847066,-0.00980013781020509
"spectral_diversity_1860_~_spectral_diversity_1900",0.915626589654042,0.91377080983296,0.838771250283675,NA,-0.0206424555661409,-0.0251025233024812
"entropy_1860_~_betweenness_1900",0.183769151216807,0.628345797114792,0,NA,-8.04345581192757e-08,-0.160442178238426
"entropy_1860_~_zipf_1900",0.339264727752912,0.368534466435185,0.580179815885411,NA,-0.0654723066276655,-0.054371503270924
"entropy_1860_~_entropy_1900",0.672653986384105,0.668526424669305,0.3955349512067,NA,-0.127242860848594,-0.115601382881366
"betweenness_1860_~_betweenness_1910",0.99,0.99,0.999356360219444,NA,-5.27972628468441e-06,-3.91653146714046e-06
"betweenness_1860_~_zipf_1910",0,0.53323438124976,0,NA,0.308412797903868,-3.8405906093917e-09
"betweenness_1860_~_spectral_diversity_1910",0.639333155389909,0.389581993026668,0.000396259760631734,NA,-0.0816361750444225,-2.86212465408283e-09
"betweenness_1860_~_entropy_1910",0.131199440560544,0.0710912817654133,1.13686837721616e-13,NA,-0.0978588783134524,-5.60003656226782e-10
"zipf_1860_~_betweenness_1910",0.635225358969023,0.739286873045741,0,NA,-1.85811919080806e-07,-0.147088971034126
"zipf_1860_~_zipf_1910",0.804773846831905,0.795845856102738,0.121616924289303,NA,-0.0642346357597896,-0.0500690999089421
"zipf_1860_~_spectral_diversity_1910",0.51770063167066,0.514186829577557,0.841680433356035,NA,-0.0135341818252839,-0.0263145506311474
"zipf_1860_~_entropy_1910",0.373556157915126,0.341582908412957,0.816685317817826,NA,-0.0306458323076301,-0.0705226817595996
"spectral_diversity_1860_~_betweenness_1910",0.35538270399485,0.818281093011987,0,NA,-7.59010172814315e-08,-0.0893085389269994
"spectral_diversity_1860_~_zipf_1910",0.460725509646657,0.457036767183775,0.585828785334449,NA,-0.0366004815200289,-0.0113032765008417
"spectral_diversity_1860_~_spectral_diversity_1910",0.884015387649893,0.882062291275151,0.975915353074409,NA,-0.0255144071141784,-0.0269375270814209
"entropy_1860_~_betweenness_1910",0.156650587503934,0.595888991024125,0,NA,-2.78523678239335e-08,-0.237114130954049
"entropy_1860_~_zipf_1910",0.346068282227089,0.378326773296337,0.66704207011961,NA,-0.0654896617283168,-0.047371094379459
"entropy_1860_~_entropy_1910",0.637844633487706,0.632332697411714,0.720975404241976,NA,-0.127371638244703,-0.125327046834555
"betweenness_1860_~_betweenness_1920",0.99,0.99,0.996280015805032,NA,-1.63807958356286e-05,-1.5249385914647e-06
"betweenness_1860_~_zipf_1920",0,0.510786632221504,0,"Data contain duplicated values: LSCV is not well-behaved in this case",0.279217938536714,-3.80991797503628e-09
"betweenness_1860_~_spectral_diversity_1920",0.627702827907708,0.388487664943106,0.000676558535448901,NA,-0.0842944168483382,-2.52384286425025e-09
"betweenness_1860_~_entropy_1920",0,0.0755000348817139,1.86477411268093e-06,NA,0.0336405382928566,-4.825170207737e-10
"zipf_1860_~_betweenness_1920",0.68958331356172,0.81179898369644,0,NA,-5.50241030953311e-08,-0.0861322564222032
"zipf_1860_~_zipf_1920",0.521012187006456,0.517269106400888,0.558042528335841,NA,-0.155105517950041,-0.171129973046959
"zipf_1860_~_spectral_diversity_1920",0.509425709985434,0.502804904290156,0.828536827143624,NA,-0.0140659805480013,-0.030402754637528
"zipf_1860_~_entropy_1920",0.34361563473931,0.319460765664816,0.439338115284764,NA,-0.0234592231236416,-0.0744643576328945
"spectral_diversity_1860_~_betweenness_1920",0.339998966453472,0.853970406690289,0,NA,-2.5546125713312e-08,-0.0620533152707683
"spectral_diversity_1860_~_zipf_1920",0.455726627952998,0.454149654618371,0.677873890721375,NA,-0.0312338126098178,-0.0103657568196225
"spectral_diversity_1860_~_spectral_diversity_1920",0.892344262304754,0.890496697841602,0.913767327879955,NA,-0.0171016950500033,-0.020754587011086
"entropy_1860_~_betweenness_1920",0.172421944959614,0.637802585092423,0,NA,-1.91383511883421e-08,-0.18412486150155
"entropy_1860_~_zipf_1920",0.351295970987566,0.378951158181553,0.820105058593817,NA,-0.0625195595713052,-0.0423687275488232
"entropy_1860_~_entropy_1920",0.688971279487032,0.680808064450054,0.855521216324742,NA,-0.101732606794125,-0.106111205243379
"betweenness_1860_~_betweenness_1930",0.986463208286515,0.99,2.22044604925031e-16,"Data contain duplicated values: LSCV is not well-behaved in this case",-1.07819666981316e-07,-3.59748714110737e-06
"betweenness_1860_~_zipf_1930",0,0.472708772448476,0,NA,0.410897282645434,-2.9609815837013e-09
"betweenness_1860_~_spectral_diversity_1930",0.622351412146031,0.388761753392849,0.000534545029016176,NA,-0.0942788638232174,-2.3105357481891e-09
"betweenness_1860_~_entropy_1930",0.0549488071704571,0.0647380400264041,0.0842135736158369,NA,-0.0447956645143686,-4.68016419221392e-10
"zipf_1860_~_betweenness_1930",0.587974123480494,0.744613128179353,0,NA,-1.40120629760911e-08,-0.174212087796217
"zipf_1860_~_zipf_1930",0.767983021945845,0.753820917875684,0.0749644236286287,NA,-0.0586258201762645,-0.0351721661153938
"zipf_1860_~_spectral_diversity_1930",0.497913892886782,0.492631830024778,0.697363658659302,NA,-0.00700133010323963,-0.0304061005090915
"zipf_1860_~_entropy_1930",0.353869802892556,0.318332514670123,0.0567043864250427,NA,-0.063404137015637,-0.0263633053570753
"spectral_diversity_1860_~_betweenness_1930",0.33525288012388,0.843990724585175,0,NA,-8.00852878975323e-09,-0.0887722589399784
"spectral_diversity_1860_~_zipf_1930",0.431351056518556,0.433360483041027,0.94838286275009,NA,-0.0219310583900583,-0.0164119498546828
"spectral_diversity_1860_~_spectral_diversity_1930",0.863542293829603,0.85850291100351,0.934819313985759,NA,-0.0104933444058702,-0.0172595650429281
"entropy_1860_~_betweenness_1930",0.10196772072752,0.436525215118812,0,NA,-1.76064609433287e-09,-0.366172876243787
"entropy_1860_~_zipf_1930",0.334134872343227,0.360904148813509,0.997586976761768,NA,-0.0635517736636558,-0.0366815220248243
"entropy_1860_~_entropy_1930",0.585639169351064,0.580274172373438,0.818707406403633,NA,-0.128984049265972,-0.129120832235635
"betweenness_1860_~_betweenness_1940",0.989666551865742,0.99,0.921746964099158,NA,-8.87437161382443e-07,-3.51315321954375e-07
"betweenness_1860_~_zipf_1940",0,0.472329368311072,0,NA,0.332584045094811,-3.2643550058541e-09
"betweenness_1860_~_spectral_diversity_1940",0.650403447290078,0.401603683474155,0.00158320569283665,NA,-0.0568573758258296,-2.74983318552195e-09
"betweenness_1860_~_entropy_1940",0,0.0772703311005624,1.66172578388579e-05,NA,0.0239139183322334,-5.12016589954858e-10
"zipf_1860_~_betweenness_1940",0.612842026552574,0.745501190129487,0,NA,-5.10514121511571e-08,-0.12905703534158
"zipf_1860_~_zipf_1940",0.795628890405682,0.782975222997896,0.292474477632807,NA,-0.0332393897014706,-0.024613275929277
"zipf_1860_~_spectral_diversity_1940",0.496494218403642,0.507152105759654,0.343211757928526,NA,-0.00222883629947462,-0.035170576827192
"zipf_1860_~_entropy_1940",0.388755368759829,0.352938070120413,0.23456583305814,NA,-0.0383179204514407,-0.0269311113093815
"spectral_diversity_1860_~_betweenness_1940",0.350925323099594,0.851353396572657,0,NA,-2.51071941041613e-08,-0.0513604253252584
"spectral_diversity_1860_~_zipf_1940",0.387258672209516,0.394056453990507,0.695037446497969,NA,-0.0238505710365611,-0.0371744431912301
"spectral_diversity_1860_~_spectral_diversity_1940",0.861843766711259,0.865652079459634,0.184858186444036,NA,-0.0033279887094837,-0.0255080311649178
"entropy_1860_~_betweenness_1940",0.13790604817843,0.558525112562853,0,NA,-1.62616060218718e-08,-0.235939905471523
"entropy_1860_~_zipf_1940",0.411203427754053,0.457008483958965,0.197801065959951,NA,-0.0152302819205361,-0.0168501958060989
"entropy_1860_~_entropy_1940",0.621438392806441,0.614641895053054,0.663660057397883,NA,-0.125645302880555,-0.12292151604609
"betweenness_1860_~_betweenness_1950",0.987538667097425,0.99,0.00159345195881166,NA,-1.32442035688315e-06,-5.46380122402478e-07
"betweenness_1860_~_zipf_1950",0,0.524547859984929,0,NA,0.156813284920878,-4.15187231381218e-09
"betweenness_1860_~_spectral_diversity_1950",0.622557662867168,0.410731301211453,0.00896598484293043,NA,-0.0507286948964212,-2.83046442084047e-09
"betweenness_1860_~_entropy_1950",0,0.070698869724001,1.97265731083363e-07,NA,0.0398718784947291,-4.66526467759989e-10
"zipf_1860_~_betweenness_1950",0.599557481861714,0.733091493122433,0,NA,-3.3755319650137e-08,-0.172170825440247
"zipf_1860_~_zipf_1950",0.794564367623897,0.781221852237325,0.995509047391633,NA,-0.0176278945455759,-0.0308570140028883
"zipf_1860_~_spectral_diversity_1950",0.48909673079212,0.476067494672759,0.926925381585761,NA,-0.0134225912701207,-0.030537465596532
"zipf_1860_~_entropy_1950",0.368037231506902,0.333348341163951,0.076371511908309,NA,-0.0562539180186433,-0.0250748313557461
"spectral_diversity_1860_~_betweenness_1950",0.350768298257359,0.814984431804697,0,NA,-1.60514491106217e-08,-0.116009432919864
"spectral_diversity_1860_~_zipf_1950",0.413409828987208,0.417127375124187,0.917814044048864,NA,-0.0199842584297994,-0.0107529806406159
"spectral_diversity_1860_~_spectral_diversity_1950",0.85001365372649,0.847110717506311,0.813771165690198,NA,-0.0137150532456938,-0.0112542431569649
"entropy_1860_~_betweenness_1950",0.139377459435049,0.536883314327059,0,NA,-2.86260732243253e-08,-0.274658538847189
"entropy_1860_~_zipf_1950",0.384811726763946,0.432064040214418,0.0727426727815528,NA,-0.0113801693185566,-0.0292261316724495
"entropy_1860_~_entropy_1950",0.625827466287916,0.623599500761999,0.529301858642438,NA,-0.105408051081798,-0.121213807810311
"betweenness_1860_~_betweenness_1960",0.99,0.980647028559326,0.11730672127258,NA,-1.36792623105691e-05,-4.75061824106489e-08
"betweenness_1860_~_zipf_1960",0,0.484166738250767,0,"Data contain duplicated values: LSCV is not well-behaved in this case",0.203188211210803,-3.7316100889113e-09
"betweenness_1860_~_spectral_diversity_1960",0.63771164581426,0.409778879459488,0.00447659412514412,NA,-0.0558060813305745,-2.98080964440453e-09
"betweenness_1860_~_entropy_1960",0.0626915008879334,0.0612457671305706,0.0225570612032493,NA,-0.0461208714647214,-4.38687037681541e-10
"zipf_1860_~_betweenness_1960",0.533157129545858,0.659973975306701,0,NA,-1.95792108429312e-07,-0.208000496214493
"zipf_1860_~_zipf_1960",0.760669863061927,0.748130059431154,0.160955969621858,NA,-0.0431145448103486,-0.0258173359324444
"zipf_1860_~_spectral_diversity_1960",0.486526502436615,0.466825038864,0.664084172156247,NA,-0.0192014601702292,-0.0188899116286269
"zipf_1860_~_entropy_1960",0.297488007716386,0.269265758537422,0.381832737773645,NA,-0.0520040906079351,-0.0489088777508994
"spectral_diversity_1860_~_betweenness_1960",0.348347694595431,0.796494762809149,0,NA,-1.03391874702354e-07,-0.110137931806535
"spectral_diversity_1860_~_zipf_1960",0.387270584918665,0.391658114403645,0.781143582149331,NA,-0.0311371017318519,-0.0126726161995544
"spectral_diversity_1860_~_spectral_diversity_1960",0.84085657873048,0.840284596532118,0.71114481586951,NA,-0.0173866348933049,-0.00913256014670807
"entropy_1860_~_betweenness_1960",0.179706147744133,0.587499739722259,0,NA,-7.97310332744817e-08,-0.224406875316979
"entropy_1860_~_zipf_1960",0.370716152133941,0.405031277496909,0.680208162959897,NA,-0.031297362790533,-0.0119230375834004
"entropy_1860_~_entropy_1960",0.599539079252961,0.600834075467105,0.59120636683292,NA,-0.112212174718989,-0.122852682206052
"betweenness_1860_~_betweenness_1970",0.936807437035003,0.928757668967802,0.671355331524009,NA,-3.45547189324114e-05,-0.000100768926846172
"betweenness_1860_~_zipf_1970",0,0.467501844304365,0,"Data contain duplicated values: LSCV is not well-behaved in this case",0.210293769363567,-3.59062954957626e-09
"betweenness_1860_~_spectral_diversity_1970",0.645699413516389,0.415052516378344,0.00299747587901433,NA,-0.0560071298520947,-3.08381559490035e-09
"betweenness_1860_~_entropy_1970",0.00146449797185127,0.0606915857682258,0.00326279486803926,NA,-0.0011806361115541,-4.25385670667171e-10
"zipf_1860_~_betweenness_1970",0.563529048331961,0.687861319454908,0,NA,-5.27945484440668e-07,-0.154388818923132
"zipf_1860_~_zipf_1970",0.749545058111816,0.738498436645856,0.304490902927218,"Data contain duplicated values: LSCV is not well-behaved in this case",-0.0396655033981883,-0.0290014307370818
"zipf_1860_~_spectral_diversity_1970",0.486374651830358,0.478704443177987,0.651528945657554,NA,-0.0059706256639813,-0.0343274470037558
"zipf_1860_~_entropy_1970",0.288704728784697,0.267657972945236,0.461986484731403,NA,-0.0561787182180109,-0.0531419863024869
"spectral_diversity_1860_~_betweenness_1970",0.304931685234904,0.769749116301716,0,NA,-4.78200114560323e-07,-0.0791130142862221
"spectral_diversity_1860_~_zipf_1970",0.384204089742591,0.38748378898724,0.718649038007499,NA,-0.0327883659546158,-0.0117140227911693
"spectral_diversity_1860_~_spectral_diversity_1970",0.835384896978959,0.835020057863563,0.707341369745245,NA,-0.0179580108016853,-0.00912769433939937
"entropy_1860_~_betweenness_1970",0.201331199793433,0.608475908806674,0,NA,-2.27815283269017e-07,-0.167991522356982
"entropy_1860_~_zipf_1970",0.330914772913344,0.36162961539411,0.670015639784719,NA,-0.0433249431813597,-0.0273402526849302
"entropy_1860_~_entropy_1970",0.623371431205465,0.616178961494618,0.67770686917054,NA,-0.111962442395487,-0.109560660071877
"betweenness_1860_~_betweenness_1980",0.986387291245269,0.981860237297867,0.413356483677386,"Data contain duplicated values: LSCV is not well-behaved in this case",-6.38839706091912e-06,-8.1730101259426e-08
"betweenness_1860_~_zipf_1980",0,0.467137172997999,0,NA,0.0409537030622252,-4.0535394577149e-09
"betweenness_1860_~_spectral_diversity_1980",0.721399189596213,0.427813906956528,0.00052950489088599,NA,-0.0556170394324805,-3.70956425990302e-09
"betweenness_1860_~_entropy_1980",0.0433013624617454,0.0553990323995798,0.234278318696509,NA,-0.0342389222251396,-3.81137127240434e-10
"zipf_1860_~_betweenness_1980",0.543423534962022,0.627130808937904,0,NA,-1.79682949775567e-06,-0.169438771056428
"zipf_1860_~_zipf_1980",0.741601394454498,0.7294779195209,0.745669943919172,NA,-0.0314786366895461,-0.0364331788844084
"zipf_1860_~_spectral_diversity_1980",0.470549142628983,0.456537896564333,0.929373308388597,NA,-0.0155184697859027,-0.0335725393714441
"zipf_1860_~_entropy_1980",0.332914438547305,0.290489052125599,0.04258974381308,NA,-0.0582642571571038,-0.0206434746224648
"spectral_diversity_1860_~_betweenness_1980",0.328870405046671,0.722693887723708,0,NA,-1.05377164812229e-06,-0.0822981629080106
"spectral_diversity_1860_~_zipf_1980",0.378689117765338,0.380880346653992,0.769575565077577,NA,-0.0296663516411513,-0.0130384557907186
"spectral_diversity_1860_~_spectral_diversity_1980",0.832776790427498,0.835145692567948,0.898769545228249,NA,-0.0128731041214599,-0.00737072468275662
"entropy_1860_~_betweenness_1980",0.177324279822795,0.516857608479181,0,NA,-3.13402497709356e-07,-0.224687647408506
"entropy_1860_~_zipf_1980",0.332335244838094,0.362860881583337,0.599144156483383,NA,-0.0372443395219741,-0.0249347791954013
"entropy_1860_~_entropy_1980",0.623056898605173,0.619403807608802,0.922096268877319,NA,-0.102114830520001,-0.103416930429712
"betweenness_1860_~_betweenness_1990",0.99,0.95633780839315,0.0049048680485555,NA,-7.01560379208043e-05,-1.06826745967412e-08
"betweenness_1860_~_zipf_1990",0,0.404619635348422,0,NA,0.241207410399749,-3.03703118737212e-09
"betweenness_1860_~_spectral_diversity_1990",0.641161492614164,0.395300359719452,0.00479787273260102,NA,-0.0490385837251687,-2.89276238722407e-09
"betweenness_1860_~_entropy_1990",0.0606795549109181,0.0544304294193518,0.00145092714658746,NA,-0.0507592933110227,-3.98190819049626e-10
"zipf_1860_~_betweenness_1990",0.541844215521263,0.659622077239141,0,NA,-1.62994849072209e-06,-0.182017615557347
"zipf_1860_~_zipf_1990",0.714000642902225,0.704522762468031,0.210261971166485,NA,-0.0455050475067077,-0.0256369178168033
"zipf_1860_~_spectral_diversity_1990",0.449154607814676,0.434190480352438,0.971076225756644,NA,-0.0121933004978805,-0.0288094542944806
"zipf_1860_~_entropy_1990",0.322653831683663,0.285540359726109,0.0658377460530295,NA,-0.0508468226336922,-0.0192309557646249
"spectral_diversity_1860_~_betweenness_1990",0.332760512175938,0.760846514599298,0,NA,-8.96353765117576e-07,-0.0906974243527838
"spectral_diversity_1860_~_zipf_1990",0.372779268528055,0.383041965540124,0.866210813947888,NA,-0.0196602974074402,-0.0177299198984389
"spectral_diversity_1860_~_spectral_diversity_1990",0.801449653302162,0.798996001850417,0.725041585823361,NA,-0.017171987878094,-0.00913092585943691
"entropy_1860_~_betweenness_1990",0.224238724002468,0.59482164736498,0,NA,-8.71823655156125e-07,-0.161735794257824
"entropy_1860_~_zipf_1990",0.342908904661788,0.374501992444758,0.459437682804414,NA,-0.0317983671286732,-0.0264157762136352
"entropy_1860_~_entropy_1990",0.622091180690956,0.613265693512919,0.708484006315242,NA,-0.100281719635708,-0.0995105208593344
"betweenness_1860_~_betweenness_2000",0.77284899546698,0.789101059222794,0.716628570786838,NA,-0.00106955843064784,-4.76016468718043e-09
"betweenness_1860_~_zipf_2000",0,0.377311327765348,0,NA,0.216954707385308,-2.93538574479689e-09
"betweenness_1860_~_spectral_diversity_2000",0.584773151792863,0.38027372416824,0.00418372927074251,NA,-0.0853471178945431,-2.42512272566657e-09
"betweenness_1860_~_entropy_2000",0,0.0496292749052757,1.73569723038725e-08,NA,0.0448977652899926,-3.23675056206273e-10
"zipf_1860_~_betweenness_2000",0.627618856810857,0.756368094188391,0,NA,-7.80014223066525e-06,-0.0818256240637135
"zipf_1860_~_zipf_2000",0.711962187422438,0.702614043048923,0.14570374479082,NA,-0.0483446760966023,-0.0239067706473216
"zipf_1860_~_spectral_diversity_2000",0.469000189534077,0.439374774101684,0.444419657669743,NA,-0.0186236898892823,-0.0126702979430578
"zipf_1860_~_entropy_2000",0.281727722389842,0.257668070891507,0.377787763565705,NA,-0.0510452186927552,-0.0453083388344243
"spectral_diversity_1860_~_betweenness_2000",0.346138986618725,0.758897496633362,0,NA,-4.54259013043118e-06,-0.0640322639808162
"spectral_diversity_1860_~_zipf_2000",0.394731307802734,0.389713782606961,0.595734812569753,NA,-0.0245883256951864,-0.0038955416033954
"spectral_diversity_1860_~_spectral_diversity_2000",0.804569931907243,0.806119405410747,0.900232377432186,NA,-0.0117078354314355,-0.0065023949648187
"entropy_1860_~_betweenness_2000",0.250547087184258,0.551601836526229,0,NA,-1.8450219678734e-06,-0.19903712773323
"entropy_1860_~_zipf_2000",0.307174485527884,0.33039242506152,0.523934979920583,NA,-0.0673825907441265,-0.0234291284813005
"entropy_1860_~_entropy_2000",0.561298114839006,0.556330784941184,0.681450480612372,NA,-0.128070872497868,-0.122856747985933
"betweenness_1870_~_betweenness_1880",0.99,0.99,0.999861947029906,"Data contain duplicated values: LSCV is not well-behaved in this case",-2.44576341268958e-07,-2.11358982042204e-07
"betweenness_1870_~_zipf_1880",0.805335568088204,0.681905053307267,1.8052226380405e-13,NA,-0.104402676234191,-8.281633756752e-09
"betweenness_1870_~_spectral_diversity_1880",0.87851166792203,0.413323663219793,4.74563721652999e-10,NA,-0.0621368847504692,-3.98022967210511e-09
"betweenness_1870_~_entropy_1880",0.701756510678969,0.110196089904636,0,NA,-0.285908843824973,-1.13878928830677e-09
"zipf_1870_~_betweenness_1880",0.665679424359763,0.808197846400545,0,NA,-4.69221530344412e-08,-0.123383043627316
"zipf_1870_~_zipf_1880",0.829933532283493,0.830085416656848,0.571839629581631,"Data contain duplicated values: LSCV is not well-behaved in this case",-0.0775494741112592,-0.0717588133614771
"zipf_1870_~_spectral_diversity_1880",0.5576561260864,0.56447002007834,0.741201264532387,NA,-0.00691716609264503,-0.016909601324493
"zipf_1870_~_entropy_1880",0.346561159777937,0.324689796219233,0.927459475489055,NA,-0.0439687061591852,-0.0624390845932973
"spectral_diversity_1870_~_betweenness_1880",0.413585419823564,0.892322564777534,0,NA,-3.30135747613325e-08,-0.0262549423909684
"spectral_diversity_1870_~_zipf_1880",0.550129411765095,0.54830593615451,0.838174542929415,NA,-0.0176032770399623,-0.00809960510481155
"spectral_diversity_1870_~_spectral_diversity_1880",0.941167942978874,0.943049183204789,0.319878050253386,NA,-0.0287358382696814,-0.0189607719766558
"entropy_1870_~_betweenness_1880",0.121907400901071,0.564596015119411,0,NA,-1.05357084007192e-08,-0.244363057771912
"entropy_1870_~_zipf_1880",0.365311334909211,0.407908065523252,0.0188864915565718,NA,-0.0238566789691071,-0.0647281313242639
"entropy_1870_~_entropy_1880",0.677745051873283,0.675164781197957,0.953699385786688,NA,-0.121583621277098,-0.123163565384333
"betweenness_1870_~_betweenness_1890",0.99,0.99,0.99990698691789,NA,-1.4288568522366e-06,-1.28265459951486e-06
"betweenness_1870_~_zipf_1890",0.924237986087585,0.65533830272028,0,NA,-0.151540449833292,-6.26461191681203e-09
"betweenness_1870_~_spectral_diversity_1890",0.884639289338512,0.429252583655845,1.07387654324498e-09,NA,-0.0702540301458878,-3.62882231038633e-09
"betweenness_1870_~_entropy_1890",0.634215667267985,0.104713548985983,0,NA,-0.304706414537197,-8.40609125435742e-10
"zipf_1870_~_betweenness_1890",0.709718682235877,0.827253991225943,0,NA,-1.46682230361519e-07,-0.108398805542155
"zipf_1870_~_zipf_1890",0.903939145518778,0.903893724132908,0.507994419699761,NA,-0.0389631702970059,-0.0349228067232543
"zipf_1870_~_spectral_diversity_1890",0.552089872822157,0.553015808517699,0.885900316565674,NA,-0.0146328828435879,-0.0207721192252262
"zipf_1870_~_entropy_1890",0.329796113473359,0.304627966824512,0.450637829671751,NA,-0.0685396340868285,-0.0681696592226409
"spectral_diversity_1870_~_betweenness_1890",0.391858009625813,0.866801698328771,0,NA,-5.87566607687558e-08,-0.0462702120247505
"spectral_diversity_1870_~_zipf_1890",0.520423157248391,0.517371998651697,0.74594313327931,NA,-0.0251046413786701,-0.010620467878021
"spectral_diversity_1870_~_spectral_diversity_1890",0.945279105365771,0.944667029657231,0.0550870107971455,NA,-0.0122479528786389,-0.0277099322660658
"entropy_1870_~_betweenness_1890",0.162771822092419,0.638625018461362,0,NA,-3.01894219309614e-08,-0.182104669113089
"entropy_1870_~_zipf_1890",0.348893045416666,0.383223625934404,0.213318587878292,NA,-0.0516508559319716,-0.0611902030697458
"entropy_1870_~_entropy_1890",0.672117518199997,0.671439636779853,0.840950151495035,NA,-0.129043335583305,-0.126121384101397
"betweenness_1870_~_betweenness_1900",0.756419136055569,0.791758652407755,0.250403385920667,NA,-0.115022311351133,-0.114243126831514
"betweenness_1870_~_zipf_1900",0.808080856283871,0.628690765482773,0,NA,-0.152946082489329,-7.33262085918162e-09
"betweenness_1870_~_spectral_diversity_1900",0.848084988438086,0.411696360633857,2.83851511184707e-08,NA,-0.0733699542165281,-3.93244588983769e-09
"betweenness_1870_~_entropy_1900",0.66167237606743,0.113136613394599,0,NA,-0.268921999389039,-1.25962163136632e-09
"zipf_1870_~_betweenness_1900",0.656002237746956,0.784525496544992,0,NA,-2.74659557139943e-07,-0.133621591849756
"zipf_1870_~_zipf_1900",0.625122221883088,0.624480700635486,0.678517748873985,"Data contain duplicated values: LSCV is not well-behaved in this case",-0.156387528085857,-0.149498086500108
"zipf_1870_~_spectral_diversity_1900",0.555598653211661,0.557923620842687,0.895224320499865,NA,-0.0138641703288446,-0.0176582456300246
"zipf_1870_~_entropy_1900",0.358329252559882,0.332429003972576,0.682128838845672,NA,-0.0558542797555482,-0.0677283043357955
"spectral_diversity_1870_~_betweenness_1900",0.399393201012597,0.863480643843383,0,NA,-1.32739596075552e-07,-0.0443012718280031
"spectral_diversity_1870_~_zipf_1900",0.497451683293202,0.493169623643812,0.634742195469843,NA,-0.0307934050301809,-0.00912287555705687
"spectral_diversity_1870_~_spectral_diversity_1900",0.931779387618707,0.931767109562878,0.751447175513841,NA,-0.0203318559864952,-0.016985515050961
"entropy_1870_~_betweenness_1900",0.19978226429035,0.669768497745222,0,NA,-1.2165899799167e-07,-0.111224203684034
"entropy_1870_~_zipf_1900",0.321299912236388,0.353919081100434,0.295203087375397,NA,-0.0599854509680748,-0.0627777821308435
"entropy_1870_~_entropy_1900",0.713721781193296,0.711319406954318,0.459788456533049,NA,-0.11310292985185,-0.103312875123888
"betweenness_1870_~_betweenness_1910",0.99,0.99,0.997035506223516,NA,-1.6572621066436e-06,-1.15516834030883e-07
"betweenness_1870_~_zipf_1910",0.871324161364107,0.599442197129891,0,NA,-0.19284394680853,-6.15231510442883e-09
"betweenness_1870_~_spectral_diversity_1910",0.822460889894463,0.397024239218432,8.03454036635287e-09,NA,-0.0905022874670151,-3.89417724768663e-09
"betweenness_1870_~_entropy_1910",0.559988348509312,0.0829403753225649,0,NA,-0.414335179511105,-7.53241337435337e-10
"zipf_1870_~_betweenness_1910",0.611329960425012,0.729049443950505,0,NA,-1.72655926498175e-07,-0.165154314218381
"zipf_1870_~_zipf_1910",0.606235081464052,0.605834681561417,0.987375475390614,NA,-0.151469921469973,-0.151567840080611
"zipf_1870_~_spectral_diversity_1910",0.53077120332894,0.540361164698235,0.630841778033337,NA,-0.0123885669555628,-0.0252995433994666
"zipf_1870_~_entropy_1910",0.378231921082578,0.348727741249271,0.720888763384408,NA,-0.030758204519475,-0.0726757805031632
"spectral_diversity_1870_~_betweenness_1910",0.358195672073622,0.831565284109107,0,NA,-8.365632687922e-08,-0.078004186569743
"spectral_diversity_1870_~_zipf_1910",0.443844180309147,0.441442615635368,0.530331693587621,NA,-0.0472891513023822,-0.0173303501663153
"spectral_diversity_1870_~_spectral_diversity_1910",0.897648125106744,0.897944127648882,0.941359035739788,NA,-0.024801813229834,-0.0233789420981886
"entropy_1870_~_betweenness_1910",0.172241121683807,0.648315802573199,0,NA,-4.29383261043338e-08,-0.183438569139
"entropy_1870_~_zipf_1910",0.326494311640872,0.364700894008219,0.176229690935495,NA,-0.0550353461478361,-0.0632153495659718
"entropy_1870_~_entropy_1910",0.61930584462249,0.618515155464254,0.987017599297805,NA,-0.135706136030406,-0.136827171387694
"betweenness_1870_~_betweenness_1920",0.99,0.99,0.996804820849284,NA,-2.9662991706956e-07,-1.14590407052083e-06
"betweenness_1870_~_zipf_1920",0.794073789776115,0.564402513667636,0,"Data contain duplicated values: LSCV is not well-behaved in this case",-0.213347903836596,-5.51986028025529e-09
"betweenness_1870_~_spectral_diversity_1920",0.821080713063006,0.393294964991606,6.52242371224077e-09,NA,-0.0986492523811631,-3.3327884638338e-09
"betweenness_1870_~_entropy_1920",0.585123319252769,0.0969615701597666,0,NA,-0.324799397135939,-1.07010129124316e-09
"zipf_1870_~_betweenness_1920",0.617643735638769,0.769140551469978,0,NA,-4.67216015082028e-08,-0.142106094489875
"zipf_1870_~_zipf_1920",0.563477686433359,0.563448274101227,0.692965542372056,"Data contain duplicated values: LSCV is not well-behaved in this case",-0.164120073108832,-0.156200663452896
"zipf_1870_~_spectral_diversity_1920",0.504149564417551,0.511946406091419,0.430606524909138,NA,-0.0155385459219022,-0.0422273574961061
"zipf_1870_~_entropy_1920",0.367857371584316,0.341668257186371,0.825080650270441,NA,-0.0260473319596643,-0.0604019668123502
"spectral_diversity_1870_~_betweenness_1920",0.334343031020903,0.848611903057967,0,NA,-2.60372999575393e-08,-0.0703527995505844
"spectral_diversity_1870_~_zipf_1920",0.467455415115884,0.464103789735672,0.708993538875213,NA,-0.0260257355279252,-0.00871204230693133
"spectral_diversity_1870_~_spectral_diversity_1920",0.876842542469514,0.876074951760206,0.785437647173828,NA,-0.0332350991779889,-0.02908079729045
"entropy_1870_~_betweenness_1920",0.232034381850197,0.70979095282009,0,NA,-2.14340195268866e-07,-0.0505739832332444
"entropy_1870_~_zipf_1920",0.3275666492872,0.36174585620352,0.167391849715479,NA,-0.0524801145445772,-0.0645720358154221
"entropy_1870_~_entropy_1920",0.64256640655432,0.638284162406169,0.560732693278627,NA,-0.132100633739956,-0.125762293284461
"betweenness_1870_~_betweenness_1930",0.98610596014884,0.964968330012185,0.00429102070830067,NA,-6.28555692099001e-05,-6.94523019100326e-06
"betweenness_1870_~_zipf_1930",0.730680174914988,0.549930592815993,0,NA,-0.203230487148704,-1.46819448066193e-08
"betweenness_1870_~_spectral_diversity_1930",0.872716762832716,0.417147022578562,1.21081056958516e-07,NA,-0.0455677304425738,-6.27803607521594e-09
"betweenness_1870_~_entropy_1930",0.47845197120924,0.0862615632676677,0,NA,-0.301172551621819,-1.3534494639118e-09
"zipf_1870_~_betweenness_1930",0.513762813858956,0.690659357196285,0,NA,-1.05990228320631e-08,-0.240100444441896
"zipf_1870_~_zipf_1930",0.57212009349566,0.570947751345109,0.582177313378706,NA,-0.146155926833732,-0.135632701535073
"zipf_1870_~_spectral_diversity_1930",0.511706737566873,0.520025231094814,0.539644988038644,NA,-0.00754019817995477,-0.0276229422054423
"zipf_1870_~_entropy_1930",0.324776027688216,0.299111196746386,0.226048212063827,NA,-0.0665414441803354,-0.0483242059489948
"spectral_diversity_1870_~_betweenness_1930",0.333970760020483,0.850688489461708,0,NA,-7.74099264242715e-09,-0.0839043952434618
"spectral_diversity_1870_~_zipf_1930",0.448046605780815,0.442675952737553,0.684465725623102,NA,-0.0240919238670679,-0.00705260802217152
"spectral_diversity_1870_~_spectral_diversity_1930",0.869843715606612,0.867332721708092,0.593537608703905,NA,-0.00759825339724333,-0.0207343822366308
"entropy_1870_~_betweenness_1930",0.116701942798615,0.52745262735703,0,NA,-2.61917800195364e-09,-0.326650958954852
"entropy_1870_~_zipf_1930",0.306749683513517,0.342146908457584,0.194804952381253,NA,-0.0544883808971612,-0.0637196591118475
"entropy_1870_~_entropy_1930",0.627948312724023,0.628026660308823,0.971751587366919,NA,-0.123344154831856,-0.124014521181155
"betweenness_1870_~_betweenness_1940",0.97978009914013,0.963471639524889,0.0617312048551373,"Data contain duplicated values: LSCV is not well-behaved in this case",-8.82415579347452e-05,-8.946351407508e-06
"betweenness_1870_~_zipf_1940",0.57701321622964,0.507276109523426,4.44089209850063e-16,NA,-0.187449689442484,-9.09711321152178e-09
"betweenness_1870_~_spectral_diversity_1940",0.842576183303294,0.404667556211466,3.67901356046474e-08,NA,-0.0634255451494021,-4.85469076815504e-09
"betweenness_1870_~_entropy_1940",0.632392460851637,0.102710696455845,0,NA,-0.307816958276752,-1.01478256430393e-09
"zipf_1870_~_betweenness_1940",0.502944647663459,0.661968898758837,0,NA,-4.35488139367725e-08,-0.221512261559054
"zipf_1870_~_zipf_1940",0.544001248627025,0.543712079554135,0.643562366423475,NA,-0.151067795045152,-0.141392364199995
"zipf_1870_~_spectral_diversity_1940",0.499580606722368,0.526626626017693,0.138254699563747,NA,-0.00177727159001962,-0.0426376673085134
"zipf_1870_~_entropy_1940",0.34726916477884,0.323236287753588,0.503130325421663,NA,-0.0497454885710109,-0.0488016878896545
"spectral_diversity_1870_~_betweenness_1940",0.343098020189877,0.846339063734037,0,NA,-2.41623495949112e-08,-0.0577858689242204
"spectral_diversity_1870_~_zipf_1940",0.430920881004349,0.428724700411115,0.770932287272886,NA,-0.0215713586843363,-0.00784772312264609
"spectral_diversity_1870_~_spectral_diversity_1940",0.871677412603121,0.877542544968973,0.208840776249282,NA,-0.00392529699065854,-0.0207827638272839
"entropy_1870_~_betweenness_1940",0.134425565588972,0.561882902189895,0,NA,-1.66008240933036e-08,-0.236014468782541
"entropy_1870_~_zipf_1940",0.352576936816096,0.405472436751621,0.00512688878789747,NA,-0.0157682437321972,-0.0615277218767266
"entropy_1870_~_entropy_1940",0.599857826181745,0.597450872796907,0.515451001574899,NA,-0.146554688476813,-0.135814113999099
"betweenness_1870_~_betweenness_1950",0.99,0.99,0.999477383167495,"Data contain duplicated values: LSCV is not well-behaved in this case",-1.0618178055356e-06,-4.45302349247156e-07
"betweenness_1870_~_zipf_1950",0.622486197069481,0.54074576052139,6.20614670765463e-13,NA,-0.161585485372174,-7.03521837845817e-09
"betweenness_1870_~_spectral_diversity_1950",0.831979699952421,0.406241804151651,7.34632807919411e-08,NA,-0.0730634351619188,-3.85103592425535e-09
"betweenness_1870_~_entropy_1950",0.530107631744501,0.0850265431330155,0,NA,-0.35208789259533,-8.42873950779461e-10
"zipf_1870_~_betweenness_1950",0.556061275145825,0.705747224533742,0,NA,-2.28448778377725e-08,-0.208709221957439
"zipf_1870_~_zipf_1950",0.815123940521801,0.814782286298535,0.284422588117192,NA,-0.0159737415094599,-0.0326938011562606
"zipf_1870_~_spectral_diversity_1950",0.506749862362426,0.507486305144812,0.752549357003553,NA,-0.0125539916146632,-0.0260588594549006
"zipf_1870_~_entropy_1950",0.315570461634746,0.295507513489933,0.914759969322757,NA,-0.0522592297669461,-0.0687122457646616
"spectral_diversity_1870_~_betweenness_1950",0.352186062636896,0.833854958443233,0,NA,-1.81719022398489e-08,-0.0970989186038479
"spectral_diversity_1870_~_zipf_1950",0.424645642682004,0.425459491361744,0.902405980284991,NA,-0.0157336061869391,-0.00816863674512246
"spectral_diversity_1870_~_spectral_diversity_1950",0.847267001437502,0.846534626851338,0.922700079267804,NA,-0.0154330219816068,-0.0183786531458781
"entropy_1870_~_betweenness_1950",0.133581221117845,0.53676723004427,0,NA,-3.28152212624004e-08,-0.281161081761406
"entropy_1870_~_zipf_1950",0.361354772119127,0.423978642123624,0.00470050930678556,NA,-0.00818891180839799,-0.0475765862469887
"entropy_1870_~_entropy_1950",0.620871109854362,0.62420593741888,0.638595096715621,NA,-0.117453725593591,-0.123614130185543
"betweenness_1870_~_betweenness_1960",0.978715296330891,0.988978282641675,0.0109848109207662,NA,-2.09621270338093e-06,-7.31539077344236e-06
"betweenness_1870_~_zipf_1960",0.518636080878385,0.500196559813414,3.13424686204655e-08,"Data contain duplicated values: LSCV is not well-behaved in this case",-0.166289802502032,-7.56022134755304e-09
"betweenness_1870_~_spectral_diversity_1960",0.818763400279494,0.407879532185122,1.61662480513414e-07,NA,-0.0753597063856365,-4.24553445200756e-09
"betweenness_1870_~_entropy_1960",0.543228912003959,0.0765510649086657,0,NA,-0.354422898965778,-8.52401480454986e-10
"zipf_1870_~_betweenness_1960",0.620825730376458,0.740431497214284,0,NA,-4.40271461422203e-07,-0.120625565762757
"zipf_1870_~_zipf_1960",0.789401946207311,0.789430016759508,0.278222190074227,NA,-0.039656329674159,-0.0213103876420814
"zipf_1870_~_spectral_diversity_1960",0.495757011551568,0.492978913339459,0.934772179914351,NA,-0.0155027506818884,-0.0221021488104672
"zipf_1870_~_entropy_1960",0.276258662405678,0.252925131038041,0.716058054387126,NA,-0.0532306362247756,-0.063931903236887
"spectral_diversity_1870_~_betweenness_1960",0.348148907701802,0.819586604965829,0,NA,-1.04311247266225e-07,-0.0911969144324955
"spectral_diversity_1870_~_zipf_1960",0.404951956394881,0.406985179826129,0.800724227834575,NA,-0.0238538040061318,-0.00841155716129547
"spectral_diversity_1870_~_spectral_diversity_1960",0.841851590902774,0.844386307235077,0.976072828904014,NA,-0.0176680191098802,-0.0158239861115097
"entropy_1870_~_betweenness_1960",0.151477056966308,0.538746349919575,0,NA,-6.1764237741749e-08,-0.292430994747242
"entropy_1870_~_zipf_1960",0.307142550976871,0.349767646526383,0.0551142258588435,NA,-0.0341690995662394,-0.0574238870594468
"entropy_1870_~_entropy_1960",0.562454577495527,0.565977662004877,0.959537138500269,NA,-0.138476973404749,-0.133847831736965
"betweenness_1870_~_betweenness_1970",0.989852258606918,0.939020278622808,0.000407768013557686,NA,-3.36264040988212e-05,-3.20158419279004e-07
"betweenness_1870_~_zipf_1970",0.515855333745589,0.487521348226656,4.63154692376122e-09,NA,-0.166649644237813,-7.36110390310006e-09
"betweenness_1870_~_spectral_diversity_1970",0.809317439361585,0.411824160000038,1.16269476491127e-07,NA,-0.0839198122340911,-3.9089124807208e-09
"betweenness_1870_~_entropy_1970",0.696360060534185,0.128564388135319,0,NA,-0.108303472256893,-3.43816523680379e-09
"zipf_1870_~_betweenness_1970",0.490597937598648,0.648904370329905,0,NA,-1.44150279114554e-07,-0.233582971072306
"zipf_1870_~_zipf_1970",0.76867680922761,0.768473268615886,0.60854939017451,NA,-0.0411093566008073,-0.0322543355523504
"zipf_1870_~_spectral_diversity_1970",0.500486070239234,0.504025223453078,0.568855727528129,NA,-0.00824548515064887,-0.0311933518469291
"zipf_1870_~_entropy_1970",0.272851324968099,0.25696103273094,0.661911199202404,NA,-0.0626766553185475,-0.0646525376180197
"spectral_diversity_1870_~_betweenness_1970",0.296873295948929,0.800812669919159,0,NA,-8.73588031451611e-08,-0.102596615201098
"spectral_diversity_1870_~_zipf_1970",0.403435200114629,0.403243822586979,0.689577701383727,NA,-0.0269591430693399,-0.00657506700827916
"spectral_diversity_1870_~_spectral_diversity_1970",0.840040192408855,0.842075356662213,0.930428555460911,NA,-0.0159896868458772,-0.0159891703341397
"entropy_1870_~_betweenness_1970",0.177896103813823,0.567788745670535,0,NA,-2.08700881011733e-07,-0.208410951299705
"entropy_1870_~_zipf_1970",0.295896523788782,0.333722087097084,0.178689128090546,NA,-0.0436549014394031,-0.0513015436701789
"entropy_1870_~_entropy_1970",0.59644855722304,0.592154722279119,0.913708084629407,NA,-0.126849686212777,-0.128751548898653
"betweenness_1870_~_betweenness_1980",0.98937163377003,0.983021164858128,0.208979386982141,NA,-3.60628341336832e-06,-2.04189186530354e-07
"betweenness_1870_~_zipf_1980",0.536440642376955,0.485199894467188,2.96914492992073e-10,"Data contain duplicated values: LSCV is not well-behaved in this case",-0.163912599319802,-6.80044826668013e-09
"betweenness_1870_~_spectral_diversity_1980",0.829367532818445,0.425324626233393,6.35574128216021e-07,NA,-0.0631046846115527,-5.10205221281436e-09
"betweenness_1870_~_entropy_1980",0.525336283144563,0.080004716179271,0,NA,-0.272427311272916,-1.19273989745155e-09
"zipf_1870_~_betweenness_1980",0.495145726109224,0.626230893882504,0,NA,-3.82504485492605e-07,-0.227210419720732
"zipf_1870_~_zipf_1980",0.620289746962266,0.61911855674211,0.000806018354685856,NA,-0.0642033965855435,-0.136375443386762
"zipf_1870_~_spectral_diversity_1980",0.48066504627789,0.477660570806139,0.79065283460247,NA,-0.0173493562575235,-0.0325332989891678
"zipf_1870_~_entropy_1980",0.294477834831988,0.267254869952906,0.545015233082203,NA,-0.0470767547814135,-0.0519778423921
"spectral_diversity_1870_~_betweenness_1980",0.31982632621914,0.748404133477239,0,NA,-2.80004959788415e-07,-0.103326166644942
"spectral_diversity_1870_~_zipf_1980",0.396655651514974,0.393618540262622,0.64948845457359,NA,-0.0269932302943272,-0.00686402178446704
"spectral_diversity_1870_~_spectral_diversity_1980",0.81883515980755,0.823220007109107,0.981222308117742,NA,-0.0227491621148745,-0.017755456192053
"entropy_1870_~_betweenness_1980",0.175724611199182,0.513883220410668,0,NA,-6.88429090889819e-07,-0.211838835347711
"entropy_1870_~_zipf_1980",0.287597977871473,0.324151134419455,0.21223522615456,NA,-0.0456495093954124,-0.0508306592139845
"entropy_1870_~_entropy_1980",0.618180656356516,0.62168246904438,0.0340934437152642,NA,-0.0910979812085155,-0.133461105115675
"betweenness_1870_~_betweenness_1990",0.987763199514524,0.988904090504923,0.73624341890557,NA,-3.77603527994973e-06,-1.75077262061809e-07
"betweenness_1870_~_zipf_1990",0.550999681066739,0.438321353852777,0,NA,-0.186043824234915,-5.74529962161737e-09
"betweenness_1870_~_spectral_diversity_1990",0.812807379063513,0.386361090455325,2.97361848922151e-07,NA,-0.0647730899556455,-4.66738384124749e-09
"betweenness_1870_~_entropy_1990",0.518888932784221,0.0733543092019295,0,NA,-0.3307329736294,-8.54516899048375e-10
"zipf_1870_~_betweenness_1990",0.511292816844319,0.639576959404911,0,NA,-1.45311540781998e-06,-0.215784035868866
"zipf_1870_~_zipf_1990",0.734757801261412,0.736046346278565,0.257369665342241,NA,-0.049047894227462,-0.0254739839695829
"zipf_1870_~_spectral_diversity_1990",0.45433633645692,0.458089403990863,0.478201094438784,NA,-0.00935311861577153,-0.0379637166066757
"zipf_1870_~_entropy_1990",0.292596734796669,0.269099221273246,0.307944999363208,NA,-0.0522240469159599,-0.0396701854410162
"spectral_diversity_1870_~_betweenness_1990",0.3282697528332,0.763153637970213,0,NA,-8.74302280919206e-07,-0.0898601788660717
"spectral_diversity_1870_~_zipf_1990",0.395094520076168,0.405563567616526,0.90772575194092,NA,-0.0140828614551097,-0.00962173083550815
"spectral_diversity_1870_~_spectral_diversity_1990",0.791941076721408,0.795834832834406,0.710443398821286,NA,-0.0172813313559466,-0.0243870263875403
"entropy_1870_~_betweenness_1990",0.19151595566712,0.553203342947095,0,NA,-7.41904033391361e-07,-0.218776850178743
"entropy_1870_~_zipf_1990",0.320470515057779,0.364457425140399,0.117141021248327,NA,-0.0304821033147172,-0.0428708751065772
"entropy_1870_~_entropy_1990",0.598786136548503,0.599123626850536,0.911891337911478,NA,-0.122601714011673,-0.119676250488186
"betweenness_1870_~_betweenness_2000",0.974707459886761,0.758739221851303,7.52569118134261e-10,NA,-0.00475505197639623,-5.25375927925678e-07
"betweenness_1870_~_zipf_2000",0.49253944562388,0.396827114504841,0,NA,-0.1989287754025,-5.43128453019464e-09
"betweenness_1870_~_spectral_diversity_2000",0.796810241714487,0.390918253005144,8.66245380093389e-07,NA,-0.07566816679196,-4.65636406128601e-09
"betweenness_1870_~_entropy_2000",0.512876516002101,0.0662283311836647,0,NA,-0.356283920897802,-7.11064570460288e-10
"zipf_1870_~_betweenness_2000",0.554597629009461,0.710902015594547,0,NA,-4.26322362042201e-06,-0.153537167019006
"zipf_1870_~_zipf_2000",0.725885878818965,0.727075368362835,0.377939799766721,NA,-0.0507325764077002,-0.0319775663737854
"zipf_1870_~_spectral_diversity_2000",0.4510508336122,0.449403745825131,0.570491901487621,NA,-0.0116329100224159,-0.0388909033375534
"zipf_1870_~_entropy_2000",0.279550444372804,0.259914551460859,0.855804055559571,NA,-0.0445181217983462,-0.0580387339656691
"spectral_diversity_1870_~_betweenness_2000",0.339148454282699,0.774688232088974,0,NA,-3.54746800972542e-06,-0.0681769729223927
"spectral_diversity_1870_~_zipf_2000",0.395511442786901,0.394139488374656,0.769842083595748,NA,-0.0203908853131523,-0.00733011092755456
"spectral_diversity_1870_~_spectral_diversity_2000",0.788442385666964,0.796674867548506,0.573242830208322,NA,-0.0148125473358286,-0.0233683594482738
"entropy_1870_~_betweenness_2000",0.239054809525709,0.542490011587676,0,NA,-2.46531599496163e-06,-0.208501751173984
"entropy_1870_~_zipf_2000",0.297168009146178,0.33430689277694,0.168746603009685,NA,-0.0407375643270258,-0.0506461515613907
"entropy_1870_~_entropy_2000",0.555901386223195,0.555210645514771,0.634238820550072,NA,-0.138683403514834,-0.128263414168467
"betweenness_1880_~_betweenness_1890",0.99,0.99,0.999359655106018,NA,-3.90656335935581e-07,-1.91310866328713e-07
"betweenness_1880_~_zipf_1890",0.812747404158638,0.683400427164425,0,NA,-0.114228904623878,-5.12209719573876e-08
"betweenness_1880_~_spectral_diversity_1890",0.880239786057605,0.414913962403681,2.41690023550234e-09,NA,-0.0429880652420413,-2.46110201116922e-08
"betweenness_1880_~_entropy_1890",0.585485600906212,0.125043184336179,0,NA,-0.229604648545705,-8.75771791475715e-09
"zipf_1880_~_betweenness_1890",0.730075780489102,0.835779258601332,0,NA,-1.67617045299205e-07,-0.0922511484915329
"zipf_1880_~_zipf_1890",0.944493229552376,0.945125998847443,0.0524057928822705,NA,-0.0234326237570489,-0.0156317487351904
"zipf_1880_~_spectral_diversity_1890",0.547153146483798,0.54722346096686,0.917754259034656,NA,-0.0169363391541071,-0.0219020353863742
"zipf_1880_~_entropy_1890",0.385298050463475,0.351343826566783,0.098760611296254,NA,-0.0680425762515279,-0.0405867924330837
"spectral_diversity_1880_~_betweenness_1890",0.386335918751445,0.860498326443535,0,NA,-5.88721239764917e-08,-0.0485257942384947
"spectral_diversity_1880_~_zipf_1890",0.530053210960902,0.523454310403341,0.669431545905068,NA,-0.0260959002224482,-0.00997150449715953
"spectral_diversity_1880_~_spectral_diversity_1890",0.976361578569064,0.976102994679543,0.404319842211114,NA,-0.00441817194527521,-0.00756766406802329
"entropy_1880_~_betweenness_1890",0.189091063430567,0.705862013151314,0,NA,-4.9215708646926e-08,-0.104730656255125
"entropy_1880_~_zipf_1890",0.347926219966494,0.372108414779374,0.637362681200387,NA,-0.0554116802140082,-0.048549670495758
"entropy_1880_~_entropy_1890",0.735179296601282,0.733333275242979,0.68954010620575,NA,-0.0991574124355677,-0.0944215635264936
"betweenness_1880_~_betweenness_1900",0.896337319551652,0.918954987809786,0.44638446174336,NA,-0.0476773007679697,-0.0344943900180775
"betweenness_1880_~_zipf_1900",0.817022938241531,0.676407771275601,0,NA,-0.11405029801225,-5.35938104581599e-08
"betweenness_1880_~_spectral_diversity_1900",0.870613588174321,0.399125308194503,9.5817702661094e-09,NA,-0.0437443319203922,-2.48824878302595e-08
"betweenness_1880_~_entropy_1900",0.627673450313639,0.141316315600305,0,NA,-0.178966045045564,-1.1340357363694e-08
"zipf_1880_~_betweenness_1900",0.67521646507522,0.799630870419082,0,NA,-2.84271958846993e-07,-0.116811863890885
"zipf_1880_~_zipf_1900",0.600856267133889,0.599942857530052,0.595358811415362,NA,-0.168228901537064,-0.159325597216946
"zipf_1880_~_spectral_diversity_1900",0.537621530596463,0.548072813401199,0.462507246275218,NA,-0.0113753152260489,-0.0341967951336304
"zipf_1880_~_entropy_1900",0.400706085706926,0.369207340729241,0.248590549174594,NA,-0.055973125133791,-0.0455105247966267
"spectral_diversity_1880_~_betweenness_1900",0.392311567647133,0.859865308883133,0,NA,-1.1597364229218e-07,-0.0468631658457223
"spectral_diversity_1880_~_zipf_1900",0.514415022611969,0.506499627021135,0.571603168288904,NA,-0.0289232955911431,-0.00611311845990693
"spectral_diversity_1880_~_spectral_diversity_1900",0.926457594462317,0.92511536580701,0.873888521428242,NA,-0.0258264829013942,-0.0255534847788857
"entropy_1880_~_betweenness_1900",0.169809493158912,0.618579826953898,0,NA,-5.53283397539056e-08,-0.17584007045391
"entropy_1880_~_zipf_1900",0.324296576552295,0.348620809701418,0.525407058340568,NA,-0.0556977023372001,-0.0539478067859152
"entropy_1880_~_entropy_1900",0.680832616917583,0.680129954805141,0.784357911047049,NA,-0.119987903087464,-0.115533700617607
"betweenness_1880_~_betweenness_1910",0.99,0.99,0.998762070580641,NA,-1.15607945097367e-06,-1.55588053797231e-06
"betweenness_1880_~_zipf_1910",0.786520312840423,0.645132105313978,0,NA,-0.132907686765444,-4.90016497037231e-08
"betweenness_1880_~_spectral_diversity_1910",0.84213065182409,0.382636913731268,1.98148297769762e-09,NA,-0.0634111267911241,-2.52093076337072e-08
"betweenness_1880_~_entropy_1910",0.532085475436174,0.115481930652354,0,NA,-0.248173977578895,-9.73218130220071e-09
"zipf_1880_~_betweenness_1910",0.637095547377368,0.749012444725389,0,NA,-1.73628214345328e-07,-0.145350512778366
"zipf_1880_~_zipf_1910",0.644481065942419,0.643834518935367,0.429547680404215,NA,-0.146562331269815,-0.133012634691579
"zipf_1880_~_spectral_diversity_1910",0.544582764815901,0.54945469227731,0.863316866340555,NA,-0.0142374614118552,-0.0174847827820337
"zipf_1880_~_entropy_1910",0.367171298295093,0.341275295528437,0.526822749739268,NA,-0.0362582272166707,-0.0833963138090076
"spectral_diversity_1880_~_betweenness_1910",0.357785259667381,0.840853099731795,0,NA,-7.61650574571683e-08,-0.0662357862879922
"spectral_diversity_1880_~_zipf_1910",0.487023225165387,0.479066025814473,0.532785326285363,NA,-0.0321618968931325,-0.00653465918749411
"spectral_diversity_1880_~_spectral_diversity_1910",0.893208280725588,0.889294238370471,0.31783919767925,NA,-0.0235061674398122,-0.0421844979671013
"entropy_1880_~_betweenness_1910",0.15896581073609,0.626470230851536,0,NA,-2.82577864937863e-08,-0.215909984671844
"entropy_1880_~_zipf_1910",0.321356407842682,0.352385067563417,0.169478400326458,NA,-0.0464494792602898,-0.0643702457309832
"entropy_1880_~_entropy_1910",0.735013694316372,0.738627534772013,0.375081393627658,NA,-0.0964414822987447,-0.0760576373959495
"betweenness_1880_~_betweenness_1920",0.99,0.99,0.998115286161109,NA,-1.00245856436714e-05,-4.00009920294791e-06
"betweenness_1880_~_zipf_1920",0.775078023818048,0.64126390064496,0,NA,-0.133431759055898,-4.7374433319501e-08
"betweenness_1880_~_spectral_diversity_1920",0.838018327662817,0.382194818535465,5.35479949270723e-09,NA,-0.0617283069178016,-2.40625088792032e-08
"betweenness_1880_~_entropy_1920",0.53271030833263,0.114205391648405,0,NA,-0.256194121053713,-7.73131043839571e-09
"zipf_1880_~_betweenness_1920",0.620981422108484,0.766756288304549,0,NA,-4.91932138965922e-08,-0.142621609200537
"zipf_1880_~_zipf_1920",0.588072838637745,0.587973427370363,0.899087498172263,NA,-0.157474005445497,-0.155128913635534
"zipf_1880_~_spectral_diversity_1920",0.535940539047689,0.538293096057279,0.91662713770694,NA,-0.0173688043809677,-0.0197340314786265
"zipf_1880_~_entropy_1920",0.34856536369398,0.32480294339951,0.616178397587973,NA,-0.0524144993113749,-0.0586360957072969
"spectral_diversity_1880_~_betweenness_1920",0.316984425367222,0.797435767736901,0,NA,-2.97024950076937e-08,-0.115718280906122
"spectral_diversity_1880_~_zipf_1920",0.474872151283175,0.470711760225282,0.646155654090463,NA,-0.0297609566842019,-0.00915768390720813
"spectral_diversity_1880_~_spectral_diversity_1920",0.904546875098487,0.903223129544356,0.710676053751002,NA,-0.0243230368330336,-0.0206498349939176
"entropy_1880_~_betweenness_1920",0.157857311217347,0.614296231402352,0,NA,-1.59342970855694e-08,-0.210249152034877
"entropy_1880_~_zipf_1920",0.32669822060346,0.354512585350733,0.225656018541166,NA,-0.04834411741639,-0.0632204392116533
"entropy_1880_~_entropy_1920",0.757714693390824,0.756893201168322,0.181211528609211,NA,-0.0702677263081649,-0.0928692528562092
"betweenness_1880_~_betweenness_1930",0.99,0.987095748390974,0.450826519724226,"Data contain duplicated values: LSCV is not well-behaved in this case",-3.53636196857364e-06,-1.18653861791236e-06
"betweenness_1880_~_zipf_1930",0.757185887688329,0.619015993653295,0,NA,-0.140968061610044,-4.74444618657549e-08
"betweenness_1880_~_spectral_diversity_1930",0.863087202141727,0.401651961768955,9.02875729735797e-08,NA,-0.0307336509298543,-4.1328239989277e-08
"betweenness_1880_~_entropy_1930",0.504343063592734,0.102447779042508,0,NA,-0.282000127800538,-7.91831093951793e-09
"zipf_1880_~_betweenness_1930",0.521380593515118,0.637832814095856,9.83043202396061e-10,NA,-9.38756557430803e-09,-0.218823259660188
"zipf_1880_~_zipf_1930",0.61520622788469,0.613302466082452,0.626635189133413,NA,-0.134070942347407,-0.12614179076262
"zipf_1880_~_spectral_diversity_1930",0.522862744065884,0.531936007881193,0.585089705988445,NA,-0.00728236924914917,-0.023563372852356
"zipf_1880_~_entropy_1930",0.36455750289641,0.332811844331767,0.0670774135521941,NA,-0.0674694794524054,-0.0287454548477972
"spectral_diversity_1880_~_betweenness_1930",0.337006426594703,0.861624227887276,0,NA,-7.56708827217249e-09,-0.0730939398078972
"spectral_diversity_1880_~_zipf_1930",0.457210770357303,0.458855890636577,0.968736590512495,NA,-0.0140720939901449,-0.0145732215836894
"spectral_diversity_1880_~_spectral_diversity_1930",0.876048410356474,0.870999496786484,0.57117092206729,NA,-0.00960201383054784,-0.0251144673936342
"entropy_1880_~_betweenness_1930",0.116699263008109,0.505889102876553,0,NA,-2.04394664353338e-09,-0.31312814221919
"entropy_1880_~_zipf_1930",0.312605124612651,0.354711655203482,0.000324965110162667,NA,-0.0145640311990626,-0.0978889388740164
"entropy_1880_~_entropy_1930",0.603774692870193,0.603522760088438,0.907611425203815,NA,-0.124609209426976,-0.122243889317685
"betweenness_1880_~_betweenness_1940",0.99,0.985581467563373,0.378438741491225,"Data contain duplicated values: LSCV is not well-behaved in this case",-1.51500508627535e-06,-1.5401902880367e-06
"betweenness_1880_~_zipf_1940",0.732136563929858,0.585571906544527,0,NA,-0.156050014512949,-3.92019617550523e-08
"betweenness_1880_~_spectral_diversity_1940",0.855493277696498,0.392122950078035,1.32452930845517e-08,NA,-0.0407996962915379,-3.27115628429143e-08
"betweenness_1880_~_entropy_1940",0.581995684026134,0.127541224136742,0,NA,-0.223815783616128,-9.79989447080368e-09
"zipf_1880_~_betweenness_1940",0.539929636563721,0.690384559257832,0,NA,-4.98112236404902e-08,-0.193707537256106
"zipf_1880_~_zipf_1940",0.838516909686972,0.837207477779297,0.367081309723494,NA,-0.032133661301228,-0.0215707851136197
"zipf_1880_~_spectral_diversity_1940",0.526484194014739,0.541499776409325,0.452987166311818,NA,-0.00368514136442903,-0.0238184817258838
"zipf_1880_~_entropy_1940",0.378958517271498,0.351421082719668,0.26164197782706,NA,-0.0501913430249633,-0.0343362320477745
"spectral_diversity_1880_~_betweenness_1940",0.345573084024044,0.851003061665884,0,NA,-2.27178849020424e-08,-0.0565362126525844
"spectral_diversity_1880_~_zipf_1940",0.438336559565872,0.439323642367679,0.811415974208329,NA,-0.0235675134683833,-0.00985538873031324
"spectral_diversity_1880_~_spectral_diversity_1940",0.88299657618599,0.882354703862591,0.351017956564829,NA,-0.00476174730864127,-0.0214145694074659
"entropy_1880_~_betweenness_1940",0.139761476142823,0.589736030860052,0,NA,-1.25247861415746e-08,-0.22379340214948
"entropy_1880_~_zipf_1940",0.367757288789244,0.415377455518849,0.0183139529480443,NA,-0.011123548568822,-0.0535261626603948
"entropy_1880_~_entropy_1940",0.705862418597083,0.704197934163711,0.0349537588590061,NA,-0.11564270896592,-0.0788716318152904
"betweenness_1880_~_betweenness_1950",0.971346710383644,0.99,4.44089209850063e-16,NA,-1.45528769974309e-06,-3.51274091409179e-05
"betweenness_1880_~_zipf_1950",0.743689776605632,0.585492309843464,0,NA,-0.152711977383353,-4.0942322572711e-08
"betweenness_1880_~_spectral_diversity_1950",0.857834836232978,0.400148919132045,3.60418088707348e-08,NA,-0.0403751101530793,-3.16773138329459e-08
"betweenness_1880_~_entropy_1950",0.501463812069602,0.104784729562855,0,NA,-0.278666072287813,-8.34016493359069e-09
"zipf_1880_~_betweenness_1950",0.571594485667552,0.71229858189018,0,NA,-2.92823175604934e-08,-0.199110688025264
"zipf_1880_~_zipf_1950",0.834692110353294,0.83189849758185,0.869729138944799,NA,-0.0224266259170981,-0.0230102485125241
"zipf_1880_~_spectral_diversity_1950",0.511321583082753,0.515704530079075,0.618144606042209,NA,-0.0113715260917742,-0.0294240514367047
"zipf_1880_~_entropy_1950",0.338195077440733,0.31558190202457,0.678927577549682,NA,-0.0532321801609329,-0.0615592352842733
"spectral_diversity_1880_~_betweenness_1950",0.355316684944078,0.845804331589305,0,NA,-1.30920522791703e-08,-0.0882763230317683
"spectral_diversity_1880_~_zipf_1950",0.439398886299298,0.447083686686551,0.914137916380805,NA,-0.0113483176472106,-0.00956309981720494
"spectral_diversity_1880_~_spectral_diversity_1950",0.851124337234347,0.846042642782216,0.445783976579553,NA,-0.0120092807670297,-0.0335208246055143
"entropy_1880_~_betweenness_1950",0.156873427751579,0.611694240008305,0,NA,-3.50210792926582e-08,-0.213041491855464
"entropy_1880_~_zipf_1950",0.373213051092563,0.418937016784846,0.0808512880335257,NA,-0.0105740870677062,-0.0325049525962455
"entropy_1880_~_entropy_1950",0.62628776726447,0.627780810896482,0.937232918747898,NA,-0.115327946601482,-0.115503296496509
"betweenness_1880_~_betweenness_1960",0.99,0.975797308575647,0.0537700940375163,NA,-1.13413434016445e-05,-7.78015954330142e-08
"betweenness_1880_~_zipf_1960",0.725881867581025,0.56536326672699,0,NA,-0.165236152703866,-4.06911880775428e-08
"betweenness_1880_~_spectral_diversity_1960",0.860143449164907,0.405667998158014,1.00095393085198e-07,NA,-0.0374775026533598,-3.14484248101088e-08
"betweenness_1880_~_entropy_1960",0.503640625206557,0.0926499839861659,0,NA,-0.283777592642517,-7.43586584144768e-09
"zipf_1880_~_betweenness_1960",0.535610833667868,0.666732057103471,0,NA,-1.75456247140752e-07,-0.21114197194607
"zipf_1880_~_zipf_1960",0.793968680397671,0.792989161346516,0.421468341937419,"Data contain duplicated values: LSCV is not well-behaved in this case",-0.041023114441859,-0.0293862268830838
"zipf_1880_~_spectral_diversity_1960",0.499097881592071,0.497748519129813,0.867619194628291,NA,-0.0153893503504236,-0.0244577440365085
"zipf_1880_~_entropy_1960",0.312354770887614,0.284869871451618,0.369239112533087,NA,-0.0525292437157637,-0.0467109233815609
"spectral_diversity_1880_~_betweenness_1960",0.35045480806618,0.822717679562779,0,NA,-1.05103841868972e-07,-0.0856168092565617
"spectral_diversity_1880_~_zipf_1960",0.413165794807437,0.419573734597531,0.89066858394809,NA,-0.0237483780116493,-0.0101528037898444
"spectral_diversity_1880_~_spectral_diversity_1960",0.848678634874733,0.848500605250867,0.979724093834951,NA,-0.0189902560284657,-0.0186176210749847
"entropy_1880_~_betweenness_1960",0.168829106746137,0.58715395838274,0,NA,-5.33591331052725e-08,-0.247388058793159
"entropy_1880_~_zipf_1960",0.35768229415544,0.397858502852273,0.177146655311017,NA,-0.0170127793988103,-0.0289931103857437
"entropy_1880_~_entropy_1960",0.561500984126103,0.565874057134717,0.582200336318938,NA,-0.148357190961303,-0.131785086697216
"betweenness_1880_~_betweenness_1970",0.977007281989465,0.957363966195351,0.0405276455451404,NA,-1.51006107743073e-05,-1.4694139283443e-06
"betweenness_1880_~_zipf_1970",0.713454622981802,0.547831863986272,0,NA,-0.169461093097013,-4.24501153602329e-08
"betweenness_1880_~_spectral_diversity_1970",0.858123508355917,0.406917226562346,3.85175851214115e-08,NA,-0.0434773904495855,-3.14994553982695e-08
"betweenness_1880_~_entropy_1970",0.512901476088907,0.0996509259486058,0,NA,-0.268920058473736,-7.97760312413247e-09
"zipf_1880_~_betweenness_1970",0.520524083787718,0.672063287768036,0,NA,-1.66834668503952e-07,-0.20964022911449
"zipf_1880_~_zipf_1970",0.771861576611243,0.770008201634582,0.076780916177887,NA,-0.056976249112713,-0.0294325260565602
"zipf_1880_~_spectral_diversity_1970",0.510100525219033,0.512657238366797,0.627452541507465,NA,-0.00864212551767902,-0.0286344706311661
"zipf_1880_~_entropy_1970",0.270665282787813,0.255671340629938,0.788370214927976,NA,-0.0650277230234466,-0.0717859453806548
"spectral_diversity_1880_~_betweenness_1970",0.308102122091961,0.793936661146114,0,NA,-4.43749895961265e-07,-0.0631569055206386
"spectral_diversity_1880_~_zipf_1970",0.3950756383038,0.402932070751393,0.963156338434101,NA,-0.0261811909020664,-0.0206316403093329
"spectral_diversity_1880_~_spectral_diversity_1970",0.842945923826915,0.842624854440807,0.833827607649829,NA,-0.0170610869541045,-0.0220819670553846
"entropy_1880_~_betweenness_1970",0.188036240252349,0.590252852955619,0,NA,-1.80906604464981e-07,-0.183033220820427
"entropy_1880_~_zipf_1970",0.327220912190559,0.359029655628912,0.328789124040291,NA,-0.0321398668821688,-0.0361393870302757
"entropy_1880_~_entropy_1970",0.583400963418811,0.581698509772634,0.921280763736283,NA,-0.12924505282844,-0.128707856908417
"betweenness_1880_~_betweenness_1980",0.987597385410097,0.977599845803781,0.0728333347271708,"Data contain duplicated values: LSCV is not well-behaved in this case",-5.06229508544534e-06,-1.00218485816426e-07
"betweenness_1880_~_zipf_1980",0.725524399969609,0.548148258981959,0,NA,-0.157894402561166,-4.11656578696345e-08
"betweenness_1880_~_spectral_diversity_1980",0.869126524271556,0.412847580803167,7.97160524257379e-08,NA,-0.0384332842770906,-3.06897228351738e-08
"betweenness_1880_~_entropy_1980",0.523203580813836,0.092204477990862,0,NA,-0.268043731566075,-7.07708085290277e-09
"zipf_1880_~_betweenness_1980",0.503641679210278,0.630122634431195,0,NA,-3.76166594554964e-07,-0.225646142448167
"zipf_1880_~_zipf_1980",0.75151630274522,0.749130960998073,0.282560334989657,NA,-0.0371259073317145,-0.0583062706854424
"zipf_1880_~_spectral_diversity_1980",0.484136559610458,0.481410543998763,0.747552055013857,NA,-0.0168328132925891,-0.0342408716518571
"zipf_1880_~_entropy_1980",0.340556631246268,0.302891081345092,0.0483835868441451,NA,-0.0609464149988522,-0.0199896007200493
"spectral_diversity_1880_~_betweenness_1980",0.32362092445365,0.765671885424774,0,NA,-2.32383792917237e-07,-0.0923210213876314
"spectral_diversity_1880_~_zipf_1980",0.394843520250957,0.398775572729445,0.847947427254618,NA,-0.0275716403486373,-0.0141054207961414
"spectral_diversity_1880_~_spectral_diversity_1980",0.798146325854324,0.797619028162602,0.871440790327713,NA,-0.0331961094584666,-0.0381888537940604
"entropy_1880_~_betweenness_1980",0.179168270809341,0.523426395863971,0,NA,-4.95583252951762e-07,-0.202536551066451
"entropy_1880_~_zipf_1980",0.282866353771715,0.298782237280462,0.107837199832473,NA,-0.0866383793354841,-0.0170513272310513
"entropy_1880_~_entropy_1980",0.602614321218674,0.606256488496785,0.348350665898619,NA,-0.111361701752099,-0.128738966204768
"betweenness_1880_~_betweenness_1990",0.984646602259199,0.984973914781331,0.944184989612883,NA,-5.58036261386625e-06,-1.15522606417357e-07
"betweenness_1880_~_zipf_1990",0.693122358249347,0.49452925337656,0,NA,-0.176474896351414,-3.82450294066373e-08
"betweenness_1880_~_spectral_diversity_1990",0.851366899086911,0.375019163592428,3.49307049951619e-08,NA,-0.0412621972906998,-2.64692740624853e-08
"betweenness_1880_~_entropy_1990",0.498061099621906,0.0887848220574951,0,NA,-0.278795802696119,-6.89063868531172e-09
"zipf_1880_~_betweenness_1990",0.525932110701818,0.645882943042298,0,NA,-1.51788062021743e-06,-0.207236173461534
"zipf_1880_~_zipf_1990",0.756580795187511,0.755618808719922,0.158031449594814,NA,-0.0471507680109243,-0.0225404684456193
"zipf_1880_~_spectral_diversity_1990",0.468279478613538,0.474413116371128,0.478920578134386,NA,-0.00734257807500845,-0.0338387053934435
"zipf_1880_~_entropy_1990",0.320226244790096,0.29121378412099,0.046711678772358,NA,-0.0645081339972244,-0.0199362354869882
"spectral_diversity_1880_~_betweenness_1990",0.332949424250655,0.770867496388744,0,NA,-9.02461795664841e-07,-0.0809100441614201
"spectral_diversity_1880_~_zipf_1990",0.368125583413644,0.385800699651701,0.361964641000113,NA,-0.0146118745128831,-0.0414631508086175
"spectral_diversity_1880_~_spectral_diversity_1990",0.814483221644557,0.815521685124111,0.793206328682723,NA,-0.0131180685858977,-0.0190276509288693
"entropy_1880_~_betweenness_1990",0.223323818419173,0.618742514943711,0,NA,-7.84246656867397e-07,-0.151670645058227
"entropy_1880_~_zipf_1990",0.32662608645381,0.356078743417262,0.369838127838915,NA,-0.0300219102488197,-0.0339246239109632
"entropy_1880_~_entropy_1990",0.59257610894351,0.592561066347128,0.871694874188563,NA,-0.115196458209423,-0.119147638707351
"betweenness_1880_~_betweenness_2000",0.934137296421679,0.822549871733219,0.00157759518838207,NA,-0.000874853069467396,-4.16171862734801e-05
"betweenness_1880_~_zipf_2000",0.683341055246632,0.48056239966083,0,NA,-0.175041616160635,-3.7356060372102e-08
"betweenness_1880_~_spectral_diversity_2000",0.839337085877433,0.377749799189693,8.82360291498685e-08,NA,-0.0492316205958498,-2.72993747233355e-08
"betweenness_1880_~_entropy_2000",0.494878361524751,0.0851123938128504,0,NA,-0.270438248681034,-6.83935784140351e-09
"zipf_1880_~_betweenness_2000",0.565588644592882,0.705425448290998,0,NA,-5.34404986335364e-06,-0.148942886219897
"zipf_1880_~_zipf_2000",0.760428433283467,0.760030853583213,0.11549151237942,NA,-0.0479757679320839,-0.0201274209816395
"zipf_1880_~_spectral_diversity_2000",0.460315072776157,0.457704374778591,0.656458628411623,NA,-0.0127703891316169,-0.035432343692586
"zipf_1880_~_entropy_2000",0.334566870907536,0.302069759048542,0.0499652447758787,NA,-0.0605284737346182,-0.0194240279939351
"spectral_diversity_1880_~_betweenness_2000",0.327389658518648,0.677714583861895,0,NA,-1.27455455066416e-05,-0.0898523266498056
"spectral_diversity_1880_~_zipf_2000",0.397967338403348,0.399038589115762,0.73182831926213,NA,-0.0265353655144365,-0.0090146880197178
"spectral_diversity_1880_~_spectral_diversity_2000",0.801173658751973,0.80656972042334,0.554053326693791,NA,-0.0136349650315688,-0.0245688517001482
"entropy_1880_~_betweenness_2000",0.256906556908653,0.570701624195883,0,NA,-2.1557611770701e-06,-0.171520850423142
"entropy_1880_~_zipf_2000",0.293121641857505,0.309828404435028,0.192109034880982,NA,-0.0794451507056796,-0.0184108578943984
"entropy_1880_~_entropy_2000",0.581830417668986,0.58125501353871,0.85573710276222,NA,-0.117947296894731,-0.122861394023327
"betweenness_1890_~_betweenness_1900",0.99,0.99,0.990787372313381,NA,-9.46796338766721e-06,-2.97258007443152e-06
"betweenness_1890_~_zipf_1900",0.807095602329563,0.694804715734589,0,NA,-0.121095051688328,-2.08595686067582e-07
"betweenness_1890_~_spectral_diversity_1900",0.852816152218388,0.37895118421001,7.55779883121477e-11,NA,-0.05721238878083,-4.94702848822191e-08
"betweenness_1890_~_entropy_1900",0.650541082062293,0.173766402949241,0,NA,-0.151993954527093,-4.10823702136061e-08
"zipf_1890_~_betweenness_1900",0.672283260006947,0.800068633925313,0,NA,-2.48208577350875e-07,-0.126504129621287
"zipf_1890_~_zipf_1900",0.698196886061418,0.697523673032478,0.490938872781687,NA,-0.134404848567365,-0.124356286451783
"zipf_1890_~_spectral_diversity_1900",0.529327664213671,0.534759798567149,0.652067218570909,NA,-0.0148302958062032,-0.0298992287822969
"zipf_1890_~_entropy_1900",0.404556270608056,0.373380418386721,0.31400645045718,NA,-0.0589524756370315,-0.0542183101603373
"spectral_diversity_1890_~_betweenness_1900",0.402554940505181,0.860019986227586,0,NA,-1.34078465632533e-07,-0.0524477911295484
"spectral_diversity_1890_~_zipf_1900",0.496335161251682,0.494833382181164,0.628116213770485,NA,-0.0426657391998611,-0.0189361735235826
"spectral_diversity_1890_~_spectral_diversity_1900",0.916158812657345,0.915235933252955,0.418335066171784,NA,-0.0383740092227094,-0.0302610685366232
"entropy_1890_~_betweenness_1900",0.188607630998763,0.664317696405291,0,NA,-8.7935174315761e-08,-0.135765330385075
"entropy_1890_~_zipf_1900",0.339418321539558,0.376852900705662,0.0173933936124229,NA,-0.0420858565835645,-0.0827665266249324
"entropy_1890_~_entropy_1900",0.66752280590373,0.668190287175167,0.225283421481167,NA,-0.115831050453478,-0.137019494454968
"betweenness_1890_~_betweenness_1910",0.956147563285875,0.955027777139095,0.662023263744387,NA,-0.00685024082284925,-0.0113135819546714
"betweenness_1890_~_zipf_1910",0.815906582867107,0.703267309033781,1.77635683940025e-15,NA,-0.106490862187775,-1.3766496224374e-07
"betweenness_1890_~_spectral_diversity_1910",0.824549952244666,0.372145249631262,1.39362299478307e-10,NA,-0.0682689542741035,-9.04615597226446e-08
"betweenness_1890_~_entropy_1910",0.561524884691319,0.143261005977514,0,NA,-0.224603251217944,-3.58828302876185e-08
"zipf_1890_~_betweenness_1910",0.639220225613742,0.747227927186638,0,NA,-1.73349505562851e-07,-0.152829049295783
"zipf_1890_~_zipf_1910",0.60780280515317,0.607574940890927,0.60351153413557,NA,-0.162189391659122,-0.152746224329586
"zipf_1890_~_spectral_diversity_1910",0.511790911136912,0.517551641256292,0.709547815726536,NA,-0.0191168175802053,-0.0303430743719082
"zipf_1890_~_entropy_1910",0.399809916059493,0.369569203656169,0.68292477581871,NA,-0.031827637638216,-0.0761789208215837
"spectral_diversity_1890_~_betweenness_1910",0.373432864793261,0.857149287818968,0,NA,-8.39322760420072e-08,-0.0568251550251556
"spectral_diversity_1890_~_zipf_1910",0.475626503025278,0.474627629423307,0.623264379303869,NA,-0.0421510382947899,-0.0175811104451524
"spectral_diversity_1890_~_spectral_diversity_1910",0.899388829651873,0.895786978681955,0.849543353948923,NA,-0.0313810817949121,-0.0375902063615611
"entropy_1890_~_betweenness_1910",0.157673400274533,0.614174947067433,0,NA,-3.35527382689518e-08,-0.225827695342178
"entropy_1890_~_zipf_1910",0.320457371662321,0.356602329418246,0.0206592798217176,NA,-0.0508274518376695,-0.089652518629602
"entropy_1890_~_entropy_1910",0.670306788518477,0.672136910226034,0.72995322822227,NA,-0.117650161361492,-0.122227015954166
"betweenness_1890_~_betweenness_1920",0.99,0.99,0.99537943416902,NA,-4.52288075618807e-07,-5.92404401281976e-06
"betweenness_1890_~_zipf_1920",0.797403124985747,0.692195553702082,1.99840144432528e-15,NA,-0.112189992515901,-1.53529313156526e-07
"betweenness_1890_~_spectral_diversity_1920",0.813159590137305,0.367603935643383,1.99189997829308e-10,NA,-0.0712685365657419,-9.75879873652709e-08
"betweenness_1890_~_entropy_1920",0.602658117420219,0.191371053152863,0,NA,-0.0832174235038251,-7.28731736971084e-07
"zipf_1890_~_betweenness_1920",0.657041895758541,0.796205212434698,0,NA,-5.00731812940998e-08,-0.122916310316223
"zipf_1890_~_zipf_1920",0.61876677973506,0.619005526605109,0.95974497925015,NA,-0.148011396054307,-0.148695070242237
"zipf_1890_~_spectral_diversity_1920",0.513373579801877,0.518400966600311,0.705172149157896,NA,-0.0181127967191905,-0.0299078746252806
"zipf_1890_~_entropy_1920",0.359340650934327,0.334374302859387,0.785532959037183,NA,-0.0514373376146441,-0.0669516514864419
"spectral_diversity_1890_~_betweenness_1920",0.347808557538373,0.864081069849601,0,NA,-3.19986160276609e-08,-0.0551115539248669
"spectral_diversity_1890_~_zipf_1920",0.473583038694458,0.474128496094705,0.756894535988156,NA,-0.0354665137250718,-0.0185675363786638
"spectral_diversity_1890_~_spectral_diversity_1920",0.914872943751835,0.912594499766276,0.780235602648653,NA,-0.0214979067953494,-0.0270593100108172
"entropy_1890_~_betweenness_1920",0.151394889364109,0.600027358248346,0,NA,-1.5683408941422e-08,-0.239025134930856
"entropy_1890_~_zipf_1920",0.338258818324023,0.370640612810197,0.254172473099047,NA,-0.0619894879741469,-0.0667601916882819
"entropy_1890_~_entropy_1920",0.645107471611272,0.644561782337136,0.972165972296081,NA,-0.134638716264656,-0.135825800998283
"betweenness_1890_~_betweenness_1930",0.99,0.989575161640542,0.883630162101624,NA,-2.07886171146068e-06,-2.48911093558276e-06
"betweenness_1890_~_zipf_1930",0.757480824504604,0.6503881437949,2.22044604925031e-16,NA,-0.134543988784051,-1.88338488571393e-07
"betweenness_1890_~_spectral_diversity_1930",0.722311790408334,0.354876146607223,2.75191647247652e-09,NA,-0.104588930661081,-1.33167072779305e-06
"betweenness_1890_~_entropy_1930",0.547604886119839,0.137250099489023,0,NA,-0.229385966695598,-3.55040105882172e-08
"zipf_1890_~_betweenness_1930",0.546201215060474,0.708889463725377,0,NA,-1.13774882814686e-08,-0.225159201682131
"zipf_1890_~_zipf_1930",0.586801929086408,0.585901251019719,0.945267241831983,NA,-0.146119723116168,-0.145651857453966
"zipf_1890_~_spectral_diversity_1930",0.51613401917636,0.528038901033711,0.506129143546431,NA,-0.00653377232598043,-0.0257158429318232
"zipf_1890_~_entropy_1930",0.352518307414375,0.324408374666599,0.107526760576367,NA,-0.0773799857609611,-0.046634995485219
"spectral_diversity_1890_~_betweenness_1930",0.350512713426815,0.870568198923725,0,NA,-7.80628458589698e-09,-0.0700984701505942
"spectral_diversity_1890_~_zipf_1930",0.440508476126808,0.444082673170399,0.814062883585133,NA,-0.0382692503530576,-0.0226006566345801
"spectral_diversity_1890_~_spectral_diversity_1930",0.89180942469262,0.885728635766255,0.689784567333563,NA,-0.0119268438614088,-0.0243661791079885
"entropy_1890_~_betweenness_1930",0.197741377464264,0.746231931922372,0,NA,-3.83621341698163e-09,-0.104410085131169
"entropy_1890_~_zipf_1930",0.32182292052348,0.356489254739676,0.164227970713317,NA,-0.0569442155051104,-0.0684595899462332
"entropy_1890_~_entropy_1930",0.662580285331664,0.662670117588351,0.430076476508692,NA,-0.109235269318462,-0.124078097253617
"betweenness_1890_~_betweenness_1940",0.979856616228219,0.969923713993316,0.443196764918146,NA,-1.4181372934288e-08,-1.79265224671948e-05
"betweenness_1890_~_zipf_1940",0.775185558122104,0.665190109604799,1.76370029691952e-12,NA,-0.107168678720666,-1.66181909085449e-07
"betweenness_1890_~_spectral_diversity_1940",0.839428624423847,0.371845221704208,1.21012977416513e-10,NA,-0.0550744425631734,-7.02885496199861e-08
"betweenness_1890_~_entropy_1940",0.61913890521478,0.161469839358536,0,NA,-0.182730866269564,-4.06189581318939e-08
"zipf_1890_~_betweenness_1940",0.562929755871122,0.7039457532363,0,NA,-5.01683332047927e-08,-0.185693352714132
"zipf_1890_~_zipf_1940",0.630349199365851,0.630204784142377,0.910569906166886,NA,-0.124036828857414,-0.12632070929478
"zipf_1890_~_spectral_diversity_1940",0.525497039837989,0.543084019783036,0.453439737494833,NA,-0.00321693583734607,-0.0212272538043216
"zipf_1890_~_entropy_1940",0.388587820178432,0.359749673099323,0.13026044416879,NA,-0.0623729605454685,-0.0334543723067836
"spectral_diversity_1890_~_betweenness_1940",0.362192903259123,0.864925488318231,0,NA,-2.40418318998452e-08,-0.0459481060168059
"spectral_diversity_1890_~_zipf_1940",0.426302531111813,0.429218166965315,0.634957881606118,NA,-0.0435264786235038,-0.0167704206931082
"spectral_diversity_1890_~_spectral_diversity_1940",0.903669832251084,0.903812634494581,0.296336078496891,NA,-0.00400295815857994,-0.0184333748248258
"entropy_1890_~_betweenness_1940",0.145106516848893,0.593945181110717,0,NA,-1.44708772077274e-08,-0.221266495361315
"entropy_1890_~_zipf_1940",0.366849130303169,0.419474528370341,0.00198820945082545,NA,-0.0178630698684699,-0.0731697794913093
"entropy_1890_~_entropy_1940",0.702416101572165,0.701722239421752,0.182154815560106,NA,-0.0967094630896135,-0.120355017872187
"betweenness_1890_~_betweenness_1950",0.99,0.989881090957478,0.960866200043101,NA,-4.00127562252425e-06,-9.13193436595939e-07
"betweenness_1890_~_zipf_1950",0.776363300471482,0.647033883558621,1.13242748511766e-14,NA,-0.118673135896716,-1.14074668025619e-07
"betweenness_1890_~_spectral_diversity_1950",0.84205181931483,0.375251494239385,8.55042703307163e-11,NA,-0.0608143730207415,-5.23023608750807e-08
"betweenness_1890_~_entropy_1950",0.57671299781901,0.144203873418411,0,NA,-0.21378183514781,-2.73362789161965e-08
"zipf_1890_~_betweenness_1950",0.584778614111438,0.721656928231176,0,NA,-2.45614845902926e-08,-0.198657516790761
"zipf_1890_~_zipf_1950",0.573950834181027,0.573184226430657,0.917967589171191,NA,-0.142571284756768,-0.141275918019832
"zipf_1890_~_spectral_diversity_1950",0.481365991034443,0.48640628959824,0.359085265750513,NA,-0.013665473123072,-0.0484712896880913
"zipf_1890_~_entropy_1950",0.355333203470546,0.330482209023612,0.302420103489179,NA,-0.0662907023127804,-0.0553713450409645
"spectral_diversity_1890_~_betweenness_1950",0.364998356263752,0.847156613383766,0,NA,-1.33063705983255e-08,-0.0951156344625198
"spectral_diversity_1890_~_zipf_1950",0.439611503378034,0.45046334838656,0.742144876589907,NA,-0.0141215087899912,-0.0209101264645144
"spectral_diversity_1890_~_spectral_diversity_1950",0.868249285741797,0.862414401836579,0.992793301595362,NA,-0.0198483844902752,-0.0258535261602064
"entropy_1890_~_betweenness_1950",0.140332728325833,0.555164708533703,0,NA,-2.52065370970738e-08,-0.277243002840113
"entropy_1890_~_zipf_1950",0.366781540329088,0.424370392240298,0.00129090531639409,NA,-0.0114779601924752,-0.0671512607239576
"entropy_1890_~_entropy_1950",0.548220832183758,0.550308854130656,0.391728467424848,NA,-0.151350629168466,-0.167358975196435
"betweenness_1890_~_betweenness_1960",0.99,0.988656957266378,0.747266140255437,"Data contain duplicated values: LSCV is not well-behaved in this case",-9.27767630774889e-07,-3.5474764829842e-07
"betweenness_1890_~_zipf_1960",0.744826673526292,0.614422038564861,0,NA,-0.140568447803148,-1.44829028723916e-07
"betweenness_1890_~_spectral_diversity_1960",0.840150585400628,0.372040703936461,1.05669029082378e-10,NA,-0.0628568814928605,-4.65322026366885e-08
"betweenness_1890_~_entropy_1960",0.56689842571265,0.126942012757094,0,NA,-0.221020849346282,-3.41641667430625e-08
"zipf_1890_~_betweenness_1960",0.558320514167023,0.688021823953385,0,NA,-1.8415215685654e-07,-0.200462251022984
"zipf_1890_~_zipf_1960",0.751468426404177,0.751507876751172,0.4343196834939,NA,-0.0556141845124379,-0.0679899856862487
"zipf_1890_~_spectral_diversity_1960",0.476535150586059,0.478587743985341,0.582295259613379,NA,-0.0159445705712176,-0.0388179149925085
"zipf_1890_~_entropy_1960",0.31383251827877,0.286062115841623,0.297794390086598,NA,-0.0618575374540844,-0.0522126906863675
"spectral_diversity_1890_~_betweenness_1960",0.363469439815919,0.837567987616908,0,NA,-1.04917785019211e-07,-0.0822908488653478
"spectral_diversity_1890_~_zipf_1960",0.414702713739452,0.423884009418121,0.954380272831383,NA,-0.0272123950325678,-0.0209561129399261
"spectral_diversity_1890_~_spectral_diversity_1960",0.859477646380848,0.856517747146797,0.810061408013552,NA,-0.0200701434879476,-0.027782045949434
"entropy_1890_~_betweenness_1960",0.161744865483335,0.55669216630945,0,NA,-5.59024663002096e-08,-0.276417101000533
"entropy_1890_~_zipf_1960",0.322548996318545,0.362033569982364,0.0553761439495619,NA,-0.0388451691224798,-0.0637637558668449
"entropy_1890_~_entropy_1960",0.619314186767045,0.624688663194236,0.192930923710723,NA,-0.119452260681568,-0.139202971754833
"betweenness_1890_~_betweenness_1970",0.68025866434741,0.690009361320352,0.751365179965105,NA,-0.0802122257716374,-0.0813615982798149
"betweenness_1890_~_zipf_1970",0.722871024901708,0.587935292026907,0,NA,-0.155198558485148,-1.24540309419552e-07
"betweenness_1890_~_spectral_diversity_1970",0.839934811184574,0.38189786452962,2.68568722816553e-10,NA,-0.062162535000788,-5.71233112039046e-08
"betweenness_1890_~_entropy_1970",0.549407053079339,0.125561607372734,0,NA,-0.241691340609994,-2.96338968424182e-08
"zipf_1890_~_betweenness_1970",0.539068446091861,0.686042230056414,0,"Data contain duplicated values: LSCV is not well-behaved in this case",-1.76416293206283e-07,-0.201332337030309
"zipf_1890_~_zipf_1970",0.614599161503992,0.613972006648078,0.567239940308651,NA,-0.122401723064894,-0.111704396914787
"zipf_1890_~_spectral_diversity_1970",0.492503806153014,0.500394424783485,0.34141889970631,NA,-0.00664568467954604,-0.0423377530761194
"zipf_1890_~_entropy_1970",0.300864409742835,0.281259956730772,0.38358301179628,NA,-0.0701460080880271,-0.0620335360808223
"spectral_diversity_1890_~_betweenness_1970",0.317755705612418,0.810267023514769,0,NA,-3.89602176034031e-07,-0.0580693693945051
"spectral_diversity_1890_~_zipf_1970",0.407222607887391,0.414420016020967,0.8841584533006,NA,-0.033304060608754,-0.0189311692653946
"spectral_diversity_1890_~_spectral_diversity_1970",0.865542738065177,0.864522226174868,0.523610120911595,NA,-0.0236120779301136,-0.0123416107606939
"entropy_1890_~_betweenness_1970",0.195781869731328,0.617324914014306,0,NA,-1.51635277482711e-07,-0.181641344113907
"entropy_1890_~_zipf_1970",0.301179976953917,0.334748216970694,0.147370344475167,NA,-0.0496872105718841,-0.0633020952609425
"entropy_1890_~_entropy_1970",0.591392848791863,0.590504919780888,0.592740466091149,NA,-0.145315781537808,-0.134985193916371
"betweenness_1890_~_betweenness_1980",0.95687268567462,0.917047228201056,0.00724640107707475,NA,-8.86723564787185e-05,-5.79038589711046e-05
"betweenness_1890_~_zipf_1980",0.729521821508106,0.578900207363598,0,NA,-0.15303109075768,-9.06313073331391e-08
"betweenness_1890_~_spectral_diversity_1980",0.846336324460846,0.378790675785508,1.50857548675276e-10,NA,-0.0594210142689168,-5.50958096748144e-08
"betweenness_1890_~_entropy_1980",0.545611360203759,0.114773848083136,0,NA,-0.244694450395316,-3.20220748166183e-08
"zipf_1890_~_betweenness_1980",0.549640579460362,0.638715753922624,0,NA,-1.58642363750692e-06,-0.183603706298838
"zipf_1890_~_zipf_1980",0.750206995855449,0.748790905353777,0.484176815494428,NA,-0.0480700173461766,-0.0611494985180951
"zipf_1890_~_spectral_diversity_1980",0.478097737725779,0.476085576737797,0.699199949934233,NA,-0.0179340088479616,-0.0375172307383334
"zipf_1890_~_entropy_1980",0.334011372494295,0.301500044599024,0.196456636586676,NA,-0.0581726942683349,-0.0417162365704771
"spectral_diversity_1890_~_betweenness_1980",0.326761942823439,0.755583334770548,0,NA,-1.71335479633342e-07,-0.116502493078518
"spectral_diversity_1890_~_zipf_1980",0.398023592397275,0.400973767336737,0.671888379657198,NA,-0.0394212571282316,-0.0160679660135386
"spectral_diversity_1890_~_spectral_diversity_1980",0.840793833836991,0.839795307787727,0.843024309488364,NA,-0.023592079860357,-0.0289638905703844
"entropy_1890_~_betweenness_1980",0.175357110363789,0.543228939023137,0,NA,-1.577554025556e-07,-0.243619593380381
"entropy_1890_~_zipf_1980",0.299135516564848,0.333047175250078,0.135526887031228,NA,-0.0482089396413087,-0.0629239178645818
"entropy_1890_~_entropy_1980",0.628680037888093,0.630659276628171,0.101003949956706,NA,-0.107836094393598,-0.138384465198973
"betweenness_1890_~_betweenness_1990",0.968695942239279,0.963297014872268,0.45856137621453,NA,-2.82957050025762e-05,-1.44180874735386e-05
"betweenness_1890_~_zipf_1990",0.693044179316916,0.528982580579651,0,NA,-0.170004883465542,-1.12643265529523e-07
"betweenness_1890_~_spectral_diversity_1990",0.841023071703256,0.343624457258656,8.77475869742739e-12,NA,-0.0583977517214697,-3.50036193427379e-08
"betweenness_1890_~_entropy_1990",0.51742160220986,0.10909066609026,0,NA,-0.2620919048235,-2.20078797497719e-08
"zipf_1890_~_betweenness_1990",0.546284826888448,0.66496811212602,0,NA,-1.47475755106979e-06,-0.200581165641828
"zipf_1890_~_zipf_1990",0.691409038491867,0.69198607280966,0.792152504611421,NA,-0.0682233510883418,-0.072658296627737
"zipf_1890_~_spectral_diversity_1990",0.454442476544557,0.46363966221302,0.313780728851742,NA,-0.0071332756167515,-0.0439202531186525
"zipf_1890_~_entropy_1990",0.287491950562264,0.266548325404413,0.19637201772936,NA,-0.0724213062577421,-0.0507244296156691
"spectral_diversity_1890_~_betweenness_1990",0.351716810231375,0.806061809347557,0,NA,-9.28787638490173e-07,-0.0569311961498299
"spectral_diversity_1890_~_zipf_1990",0.402258511336584,0.413634682959625,0.876489448503965,NA,-0.0229906652841593,-0.0192791920173851
"spectral_diversity_1890_~_spectral_diversity_1990",0.830163461669705,0.829403129900752,0.829001294591653,NA,-0.0152537096537542,-0.0212161160226725
"entropy_1890_~_betweenness_1990",0.221455323300851,0.601458815789944,0,NA,-8.16078846655164e-07,-0.168753209502974
"entropy_1890_~_zipf_1990",0.325852463712773,0.367909519416979,0.0115805722339359,NA,-0.0247560693770627,-0.0701802974614446
"entropy_1890_~_entropy_1990",0.596314715556042,0.595843611434325,0.982783472588973,NA,-0.133534848981594,-0.13447615385571
"betweenness_1890_~_betweenness_2000",0.99,0.962559970775014,0.00310859819712084,NA,-8.43968041846206e-06,-7.39738193895164e-08
"betweenness_1890_~_zipf_2000",0.677822596912881,0.506775707644787,0,NA,-0.177670219355172,-1.03325614893265e-07
"betweenness_1890_~_spectral_diversity_2000",0.826681919891463,0.344457420940151,1.77522441191513e-11,NA,-0.0700747374522574,-3.71519498303389e-08
"betweenness_1890_~_entropy_2000",0.557417033430056,0.114584684226203,0,NA,-0.218302607745326,-2.47594874759105e-08
"zipf_1890_~_betweenness_2000",0.593230651103054,0.730729865263144,0,NA,-6.42736029482723e-06,-0.132230217825919
"zipf_1890_~_zipf_2000",0.60616388427927,0.606162674003772,0.852315408470483,NA,-0.105812393066352,-0.109696639780286
"zipf_1890_~_spectral_diversity_2000",0.445677635723287,0.442646825356559,0.58433561835088,NA,-0.0161917266134104,-0.0433937445500271
"zipf_1890_~_entropy_2000",0.340889942842296,0.308821554825605,0.0765734795035913,NA,-0.0618427234612043,-0.0296216181001664
"spectral_diversity_1890_~_betweenness_2000",0.356012210056267,0.792164660253682,0,NA,-4.44026006832386e-06,-0.047929913064927
"spectral_diversity_1890_~_zipf_2000",0.388549640946812,0.385016118757895,0.325945798942022,NA,-0.0511034001782109,-0.0103761098622688
"spectral_diversity_1890_~_spectral_diversity_2000",0.808531786789362,0.812105416979089,0.536128418901793,NA,-0.0359602524043629,-0.0162079213887948
"entropy_1890_~_betweenness_2000",0.261362454658403,0.583588618429177,0,NA,-2.34632704458181e-06,-0.180513526285394
"entropy_1890_~_zipf_2000",0.303332052225743,0.343876991868369,0.000119977781343872,NA,-0.0195872093392057,-0.104212273278252
"entropy_1890_~_entropy_2000",0.590943401404677,0.590145758919889,0.79981582226981,NA,-0.133836915967327,-0.140078410212884
"betweenness_1900_~_betweenness_1910",0.99,0.99,0.99902689823952,NA,-3.02664459010494e-07,-4.82974788716276e-07
"betweenness_1900_~_zipf_1910",0.791381372745747,0.651809600151187,0,NA,-0.132560871295208,-3.12266720254685e-07
"betweenness_1900_~_spectral_diversity_1910",0.834539736743072,0.37772236395839,1.12706066701662e-10,NA,-0.0676904162654949,-1.88959883822055e-07
"betweenness_1900_~_entropy_1910",0.552712827404228,0.156496196557258,0,NA,-0.209465031108858,-7.64486714265425e-08
"zipf_1900_~_betweenness_1910",0.657192741065824,0.769998807765622,0,NA,-2.47947729093873e-07,-0.137728300526571
"zipf_1900_~_zipf_1910",0.682399256719762,0.682830428412094,0.676922886293607,NA,-0.140147170232276,-0.132901938444839
"zipf_1900_~_spectral_diversity_1910",0.492569274372843,0.495594972631184,0.652571707096826,NA,-0.0258048349317283,-0.0427397639103408
"zipf_1900_~_entropy_1910",0.392633768185199,0.360844710277406,0.883259994619831,NA,-0.038832533107664,-0.0756365765737953
"spectral_diversity_1900_~_betweenness_1910",0.357610982094056,0.847948575802452,0,NA,-8.89096758416814e-08,-0.0629515764150357
"spectral_diversity_1900_~_zipf_1910",0.487392230099665,0.486632851657608,0.679345837019401,NA,-0.0425972420711344,-0.0225308622682305
"spectral_diversity_1900_~_spectral_diversity_1910",0.932302989790342,0.931046346579793,0.913529383572912,NA,-0.0283843345556052,-0.0285982608676331
"entropy_1900_~_betweenness_1910",0.159141600203791,0.598487789389015,0,NA,-3.42344471864283e-08,-0.23094302635903
"entropy_1900_~_zipf_1910",0.366628752098142,0.405134944384869,0.0979135676982381,NA,-0.0507283081563749,-0.0679184030706747
"entropy_1900_~_entropy_1910",0.76461004051734,0.764382894592158,0.839761005169702,NA,-0.0943906655503205,-0.09161720511209
"betweenness_1900_~_betweenness_1920",0.99,0.99,0.98641317429289,NA,-8.12183328317633e-08,-2.3725694551471e-06
"betweenness_1900_~_zipf_1920",0.774991384509304,0.645588044752426,0,NA,-0.134963762179072,-4.12101593443082e-07
"betweenness_1900_~_spectral_diversity_1920",0.825771737241626,0.375207748701345,1.91717530739766e-10,NA,-0.0707417965935124,-1.88965459029288e-07
"betweenness_1900_~_entropy_1920",0.553117662243356,0.156677654514962,0,NA,-0.205158169979674,-9.97441619915176e-08
"zipf_1900_~_betweenness_1920",0.63677657422933,0.787049966616269,0,NA,-5.53050161938097e-08,-0.13868021813496
"zipf_1900_~_zipf_1920",0.640406563998722,0.641342589214666,0.388662434673578,"Data contain duplicated values: LSCV is not well-behaved in this case",-0.142712448441471,-0.1568483329886
"zipf_1900_~_spectral_diversity_1920",0.500388383995908,0.505407644135009,0.540654103148203,NA,-0.0201797721284103,-0.0420934330612981
"zipf_1900_~_entropy_1920",0.362080412693716,0.335488706824343,0.972058536262557,NA,-0.0440746257536253,-0.0718885133878752
"spectral_diversity_1900_~_betweenness_1920",0.334392727760106,0.861809888064449,0,NA,-3.42275588382111e-08,-0.0530576718366349
"spectral_diversity_1900_~_zipf_1920",0.483277922584116,0.483175839448893,0.711654753014836,NA,-0.0407425743278302,-0.0221461563260469
"spectral_diversity_1900_~_spectral_diversity_1920",0.884991421689005,0.886001229530919,0.2842204210686,NA,-0.0595608481402974,-0.0419194148657954
"entropy_1900_~_betweenness_1920",0.188719680087257,0.686866294436834,0,NA,-2.02366142379855e-08,-0.144691368645989
"entropy_1900_~_zipf_1920",0.380123052921434,0.419550582236743,0.0249462198215624,NA,-0.0375330365900297,-0.0725143971758249
"entropy_1900_~_entropy_1920",0.773561924916478,0.773112899131414,0.27454146197141,NA,-0.0935867280265521,-0.0784621833229578
"betweenness_1900_~_betweenness_1930",0.984092166591386,0.99,9.76640642891269e-06,NA,-2.54115078398312e-07,-6.91472232488117e-05
"betweenness_1900_~_zipf_1930",0.780429369697291,0.64795618220093,0,NA,-0.119145114813696,-5.24177820746281e-07
"betweenness_1900_~_spectral_diversity_1930",0.837680801163569,0.383836237794861,1.12832743148772e-09,NA,-0.0522933877493017,-2.49205053723513e-07
"betweenness_1900_~_entropy_1930",0.554652050861383,0.153289232430729,0,NA,-0.207594127920328,-8.5210471786391e-08
"zipf_1900_~_betweenness_1930",0.551151377832717,0.703673535186867,0,NA,-1.08512254198379e-08,-0.22355233667147
"zipf_1900_~_zipf_1930",0.576200516436221,0.576280843982577,0.801421798480394,NA,-0.160704477604573,-0.165586046257187
"zipf_1900_~_spectral_diversity_1930",0.505492280402068,0.518581509859208,0.316319088565362,NA,-0.00816905863124888,-0.0410778891916388
"zipf_1900_~_entropy_1930",0.347415463181431,0.317270008223733,0.298862872862063,NA,-0.0711083386974395,-0.0642112355635659
"spectral_diversity_1900_~_betweenness_1930",0.3392480034039,0.867248714512842,0,NA,-8.11631239731058e-09,-0.0694724767461479
"spectral_diversity_1900_~_zipf_1930",0.475288045029575,0.480969423758784,0.736721167571548,NA,-0.0183959124492427,-0.0303496608140064
"spectral_diversity_1900_~_spectral_diversity_1930",0.91798975280812,0.91567175546442,0.988188018459545,NA,-0.0166656323622423,-0.0191667597874704
"entropy_1900_~_betweenness_1930",0.19628047799847,0.731394028137131,0,NA,-5.778361178288e-09,-0.108156498988839
"entropy_1900_~_zipf_1930",0.368437324038488,0.42011564454005,3.85248262597671e-05,NA,-0.012531444029176,-0.0989296513807427
"entropy_1900_~_entropy_1930",0.726914390110585,0.729148933500341,0.92562043186846,NA,-0.0943844881413989,-0.0936830882622501
"betweenness_1900_~_betweenness_1940",0.97858145110076,0.973616041262994,0.476944706506104,"Data contain duplicated values: LSCV is not well-behaved in this case",-2.09289713716812e-05,-2.62221797831466e-05
"betweenness_1900_~_zipf_1940",0.767100480540164,0.628971833726025,0,"Data contain duplicated values: LSCV is not well-behaved in this case",-0.123933765253073,-3.87953168577797e-07
"betweenness_1900_~_spectral_diversity_1940",0.841951200365681,0.382751741157044,5.67360602943268e-10,NA,-0.0481459305825517,-2.37331296932306e-07
"betweenness_1900_~_entropy_1940",0.574049626723098,0.161546629684834,0,NA,-0.208389996062817,-7.11825736133225e-08
"zipf_1900_~_betweenness_1940",0.550217819043262,0.695681735976727,0,NA,-5.2665253763975e-08,-0.204378422728096
"zipf_1900_~_zipf_1940",0.632529577623949,0.633280238574616,0.549616752315479,NA,-0.131593235581067,-0.141924540398397
"zipf_1900_~_spectral_diversity_1940",0.51968271262382,0.543454454618418,0.240579739002546,NA,-0.00221952464171581,-0.0339688346876294
"zipf_1900_~_entropy_1940",0.365907247199806,0.337515876090113,0.273431361934458,NA,-0.0651490678450157,-0.0537212105970943
"spectral_diversity_1900_~_betweenness_1940",0.346956565361027,0.854821803066216,0,NA,-2.10846027281875e-08,-0.0597617115154182
"spectral_diversity_1900_~_zipf_1940",0.463736105698689,0.467887694135908,0.998009203397495,NA,-0.0262037172022379,-0.0221805769884482
"spectral_diversity_1900_~_spectral_diversity_1940",0.932585211416708,0.93203455205171,0.308133170247701,NA,-0.00474201679061749,-0.0158108601982932
"entropy_1900_~_betweenness_1940",0.163758714635432,0.633837029038837,0,NA,-1.8687045360759e-08,-0.178768075676332
"entropy_1900_~_zipf_1940",0.401765275411471,0.45423022175612,0.00278733547344712,NA,-0.0141089842648946,-0.0657216208765365
"entropy_1900_~_entropy_1940",0.698806137279752,0.698548533843798,0.675169845903697,NA,-0.116955550634771,-0.110129907124633
"betweenness_1900_~_betweenness_1950",0.99,0.99,0.999648165782784,NA,-5.04035771909851e-07,-9.92372362450782e-07
"betweenness_1900_~_zipf_1950",0.774890303210287,0.627863678749316,0,NA,-0.119356160930698,-5.43379896610138e-07
"betweenness_1900_~_spectral_diversity_1950",0.848574799125379,0.391795778662705,2.02499550461255e-09,NA,-0.0423901782334065,-3.14456225359874e-07
"betweenness_1900_~_entropy_1950",0.591645850645396,0.165462523899186,0,NA,-0.178808502896338,-6.29924092634412e-08
"zipf_1900_~_betweenness_1950",0.567256348574922,0.704699786591993,0,NA,-2.64591778766924e-08,-0.223219527609454
"zipf_1900_~_zipf_1950",0.840146621471115,0.840779922755279,0.239020747768467,NA,-0.0360386357269711,-0.0486524848154475
"zipf_1900_~_spectral_diversity_1950",0.496357777476272,0.496955621509718,0.702124654649757,NA,-0.0220185336939119,-0.0383029062908127
"zipf_1900_~_entropy_1950",0.354735896797154,0.32641599861716,0.359882743733507,NA,-0.0674216102902825,-0.0642648295975838
"spectral_diversity_1900_~_betweenness_1950",0.354381515981998,0.844170617923435,0,NA,-1.51053559636338e-08,-0.0948771205231848
"spectral_diversity_1900_~_zipf_1950",0.456355388444661,0.465092543629455,0.791866809394747,NA,-0.0193549908594025,-0.0243084011795436
"spectral_diversity_1900_~_spectral_diversity_1950",0.897489612867833,0.894032543936592,0.960590827526593,NA,-0.0213008295394675,-0.0255167829385723
"entropy_1900_~_betweenness_1950",0.154311327919418,0.571107356505258,0,NA,-3.42694612950834e-08,-0.244059278262088
"entropy_1900_~_zipf_1950",0.421049121926957,0.481326717729886,0.023103268403877,NA,-0.0122948274395457,-0.0334003286762299
"entropy_1900_~_entropy_1950",0.628164300605499,0.630916022920687,0.728973696049634,NA,-0.1368599585551,-0.127134979858615
"betweenness_1900_~_betweenness_1960",0.98738141004945,0.983519245792722,0.345686794629211,NA,-1.19124468337174e-05,-7.49045390099218e-06
"betweenness_1900_~_zipf_1960",0.765448376308758,0.61741719175559,0,NA,-0.121959500377429,-5.54523624150353e-07
"betweenness_1900_~_spectral_diversity_1960",0.842427222671613,0.388879117880511,3.52866691422093e-09,NA,-0.0461833891447527,-3.1658649611151e-07
"betweenness_1900_~_entropy_1960",0.520754729152183,0.135931074601241,0,NA,-0.209009295433671,-1.20043862331163e-07
"zipf_1900_~_betweenness_1960",0.56513559693124,0.700608036584045,0,NA,-1.82077503097994e-07,-0.202863571121257
"zipf_1900_~_zipf_1960",0.77300405980944,0.77468658681581,0.655820380377977,NA,-0.0654834652388089,-0.0702370368038797
"zipf_1900_~_spectral_diversity_1960",0.471793492488835,0.473501875073342,0.515050558316297,NA,-0.0217708139170911,-0.0490914132039865
"zipf_1900_~_entropy_1960",0.31992861418294,0.287649138437323,0.290818762365996,NA,-0.0639326740375311,-0.0579372428659978
"spectral_diversity_1900_~_betweenness_1960",0.35220824839519,0.831751015473215,0,NA,-9.67589431424574e-08,-0.0897164574699479
"spectral_diversity_1900_~_zipf_1960",0.429531903662276,0.439807985493756,0.831238043137751,NA,-0.0281769798219179,-0.0285104662892402
"spectral_diversity_1900_~_spectral_diversity_1960",0.885510398292612,0.884222206505765,0.833052163519673,NA,-0.0229611690804599,-0.0277642821813739
"entropy_1900_~_betweenness_1960",0.172913114089952,0.574628198438591,0,NA,-6.31658414813866e-08,-0.265176028765669
"entropy_1900_~_zipf_1960",0.356791368354216,0.397099079585725,0.108281050987778,NA,-0.0385526148147458,-0.0527696022905003
"entropy_1900_~_entropy_1960",0.659223170647633,0.664882211849986,0.871790295872685,NA,-0.113985461637514,-0.105237543635742
"betweenness_1900_~_betweenness_1970",0.99,0.99,0.999625591713662,NA,-4.60057933109009e-07,-9.16551697771699e-07
"betweenness_1900_~_zipf_1970",0.739868583777827,0.584497194476744,0,NA,-0.142880285772701,-3.97535708059516e-07
"betweenness_1900_~_spectral_diversity_1970",0.845636118660653,0.391178338876723,1.50631795925449e-09,NA,-0.0502670831386067,-2.92782009418382e-07
"betweenness_1900_~_entropy_1970",0.539558446515652,0.141019751902374,0,NA,-0.217489803389957,-9.53938342175478e-08
"zipf_1900_~_betweenness_1970",0.562997562614117,0.715471950207856,0,NA,-1.66858141197686e-07,-0.189396193440929
"zipf_1900_~_zipf_1970",0.756627303887916,0.757688914356765,0.29554955659676,NA,-0.0801437558574047,-0.0630091782706708
"zipf_1900_~_spectral_diversity_1970",0.505565156832962,0.511075722629259,0.477625226780803,NA,-0.0115809560285774,-0.039206834370831
"zipf_1900_~_entropy_1970",0.325198338519243,0.299710045372338,0.273239362141278,NA,-0.070867329575364,-0.0598413044478767
"spectral_diversity_1900_~_betweenness_1970",0.307112320238416,0.816559552003881,0,NA,-1.26299998062931e-07,-0.0804134337073325
"spectral_diversity_1900_~_zipf_1970",0.430455832792739,0.439774845911137,0.929260581039718,NA,-0.0297582805871292,-0.0247738486492997
"spectral_diversity_1900_~_spectral_diversity_1970",0.891845232999955,0.890234099241637,0.707275461459249,NA,-0.0170740740658883,-0.024682463026746
"entropy_1900_~_betweenness_1970",0.203476144621559,0.609364261637791,0,NA,-1.98349645006937e-07,-0.178471063856678
"entropy_1900_~_zipf_1970",0.330849327672398,0.362896158243583,0.386324473786768,NA,-0.0546059303021554,-0.0509025567757751
"entropy_1900_~_entropy_1970",0.759254129250335,0.759100506010603,0.947972777512994,NA,-0.0734685389733976,-0.0725939485630074
"betweenness_1900_~_betweenness_1980",0.99,0.99,0.999714799773935,NA,-6.48960395063547e-07,-1.09736227495972e-06
"betweenness_1900_~_zipf_1980",0.746792629328252,0.569698979690487,0,NA,-0.147084586107542,-1.80935272610571e-07
"betweenness_1900_~_spectral_diversity_1980",0.84913104150087,0.394457544348741,5.4843405372651e-09,NA,-0.0431870700991462,-3.28931584875613e-07
"betweenness_1900_~_entropy_1980",0.538413129217854,0.127072487766955,0,NA,-0.233728399495418,-5.1220856545305e-08
"zipf_1900_~_betweenness_1980",0.565184622037329,0.66917754597163,0,NA,-1.30930437952286e-06,-0.180906902218195
"zipf_1900_~_zipf_1980",0.798116210670049,0.798112120840229,0.688732576976906,NA,-0.0461524357272962,-0.051892950223418
"zipf_1900_~_spectral_diversity_1980",0.47325131564509,0.473060968390226,0.518647963452966,NA,-0.0210582780582376,-0.0503712312002214
"zipf_1900_~_entropy_1980",0.319269950241902,0.285871481915058,0.224676870035802,NA,-0.066290161701673,-0.0555235721019384
"spectral_diversity_1900_~_betweenness_1980",0.328080046288791,0.775412959175192,0,NA,-2.6942575389863e-07,-0.0852553845473143
"spectral_diversity_1900_~_zipf_1980",0.428742080309231,0.436017828199334,0.963519879261523,NA,-0.0275649036927856,-0.0225327228315617
"spectral_diversity_1900_~_spectral_diversity_1980",0.865357871826254,0.866534539580664,0.967147120463605,NA,-0.0277294221819064,-0.025752852858627
"entropy_1900_~_betweenness_1980",0.207674164714837,0.558831995759781,0,NA,-7.16171568208967e-07,-0.174144384858805
"entropy_1900_~_zipf_1980",0.33330325624534,0.366924797061331,0.286083526362509,NA,-0.0492237717981053,-0.0506420345970936
"entropy_1900_~_entropy_1980",0.61981040402708,0.622173506127163,0.519042394048024,NA,-0.117477871601724,-0.128183713126693
"betweenness_1900_~_betweenness_1990",0.99,0.99,0.999227668776514,NA,-2.54737230356274e-06,-7.35030339606518e-07
"betweenness_1900_~_zipf_1990",0.705029004716481,0.512680597297118,0,NA,-0.174168713576898,-1.9308497365662e-07
"betweenness_1900_~_spectral_diversity_1990",0.838627586190006,0.359143507971585,5.17864195970219e-10,NA,-0.0493445731281673,-2.21921069463909e-07
"betweenness_1900_~_entropy_1990",0.540046014609086,0.134668751989735,0,NA,-0.198204688857068,-1.22865398695262e-07
"zipf_1900_~_betweenness_1990",0.560675564070932,0.684965479145721,0,NA,-1.55743614177199e-06,-0.198650504549916
"zipf_1900_~_zipf_1990",0.780911845810522,0.782860204104105,0.994165240372521,NA,-0.0492802159568552,-0.0472202920624035
"zipf_1900_~_spectral_diversity_1990",0.450636147387891,0.465963777455444,0.0943987584147319,NA,-0.00614423974522221,-0.066427571399202
"zipf_1900_~_entropy_1990",0.325425785305605,0.294905009445392,0.142792163116161,NA,-0.0660530400008797,-0.0450957029265577
"spectral_diversity_1900_~_betweenness_1990",0.339461713309241,0.78323275423878,0,NA,-9.46651117942347e-07,-0.0789323826707093
"spectral_diversity_1900_~_zipf_1990",0.426751273017743,0.445698874279899,0.532344012666955,NA,-0.0168670589885955,-0.0286779015007686
"spectral_diversity_1900_~_spectral_diversity_1990",0.846974275535466,0.847545487156055,0.650953523501851,NA,-0.0218989504033717,-0.0313183047570267
"entropy_1900_~_betweenness_1990",0.238452469879919,0.615052673108275,0,NA,-9.61805129264137e-07,-0.150611518707249
"entropy_1900_~_zipf_1990",0.362968282893125,0.402560762348158,0.0715113995853709,NA,-0.0298700276572264,-0.0524121484345798
"entropy_1900_~_entropy_1990",0.672469867294521,0.671793370417786,0.841347072131768,NA,-0.0995906632595027,-0.104249082344569
"betweenness_1900_~_betweenness_2000",0.895144528759246,0.827867376797143,0.00832648535466918,NA,-0.00565127868845818,-0.00113574880816184
"betweenness_1900_~_zipf_2000",0.680624382682871,0.482033921113851,0,NA,-0.192479303168181,-1.54429311312585e-07
"betweenness_1900_~_spectral_diversity_2000",0.822589310347055,0.360040704159445,1.39030809087615e-09,NA,-0.0608225831240145,-2.12492403161627e-07
"betweenness_1900_~_entropy_2000",0.572274273819856,0.135142370221185,0,NA,-0.184424242961613,-4.55290401041819e-08
"zipf_1900_~_betweenness_2000",0.577852776243879,0.73248597353184,0,NA,-6.6935372999521e-06,-0.14798291261392
"zipf_1900_~_zipf_2000",0.681899215508934,0.682759332432285,0.274858995764177,NA,-0.102540680367506,-0.0814188153568568
"zipf_1900_~_spectral_diversity_2000",0.427683674241315,0.4234736643327,0.495443281395782,NA,-0.0287960462809076,-0.0616897586594596
"zipf_1900_~_entropy_2000",0.342868869856852,0.306575804192443,0.0866692045255264,NA,-0.0659151190362231,-0.0412333321443056
"spectral_diversity_1900_~_betweenness_2000",0.337936921814064,0.784732065125609,0,NA,-3.75423588760216e-06,-0.05725336838068
"spectral_diversity_1900_~_zipf_2000",0.418443617723705,0.419984012036396,0.804760051061951,NA,-0.0351873201033606,-0.0222721543239911
"spectral_diversity_1900_~_spectral_diversity_2000",0.846435570290599,0.849406030773332,0.536166310077815,NA,-0.0188210942780054,-0.0295199549240854
"entropy_1900_~_betweenness_2000",0.28499804572611,0.605811490220867,0,NA,-2.71338857132485e-06,-0.152191179221288
"entropy_1900_~_zipf_2000",0.343932892738453,0.376330012833404,0.133002133399285,NA,-0.0399376019709344,-0.0572273270649946
"entropy_1900_~_entropy_2000",0.640467033646733,0.639987848537147,0.661931675856047,NA,-0.108726866810845,-0.118525077805292
"betweenness_1910_~_betweenness_1920",0.99,0.99,0.934838998814741,NA,-4.48024125620892e-05,-0.000168685681114035
"betweenness_1910_~_zipf_1920",0.765545014121479,0.661450128373629,0,NA,-0.129645948679797,-2.29583441160453e-07
"betweenness_1910_~_spectral_diversity_1920",0.835841241585808,0.348692782054419,4.20330437123084e-13,NA,-0.0777759985179782,-7.34309502312114e-08
"betweenness_1910_~_entropy_1920",0.592647001963085,0.151505076317648,0,NA,-0.238475260823279,-2.63027000821812e-08
"zipf_1910_~_betweenness_1920",0.643247663432633,0.792963483524446,0,NA,-5.73187063752542e-08,-0.127966689730917
"zipf_1910_~_zipf_1920",0.680030025286931,0.680602345511288,0.938736269397836,NA,-0.137203114815029,-0.137886459248265
"zipf_1910_~_spectral_diversity_1920",0.502422944400263,0.509357045995681,0.605454930335349,NA,-0.0182959988678935,-0.0345898568951303
"zipf_1910_~_entropy_1920",0.359859477530707,0.329705382623564,0.646620514870442,NA,-0.0570227691486456,-0.0713173718241023
"spectral_diversity_1910_~_betweenness_1920",0.332741028324554,0.859616369774287,0,NA,-3.24033474454233e-08,-0.0575036941956733
"spectral_diversity_1910_~_zipf_1920",0.453269833587331,0.453171469436348,0.6774891585479,NA,-0.0557012459869753,-0.0357943980709424
"spectral_diversity_1910_~_spectral_diversity_1920",0.924746572215914,0.925302004959504,0.998194371692426,NA,-0.0350754538649105,-0.0344955008388749
"entropy_1910_~_betweenness_1920",0.162252482213312,0.59983242247926,0,NA,-1.91413961244593e-08,-0.204801751930144
"entropy_1910_~_zipf_1920",0.389485858003087,0.429977616631892,0.116503150214071,NA,-0.0449001671323355,-0.0574235353227171
"entropy_1910_~_entropy_1920",0.658305853330912,0.656485689812598,0.673801829075546,NA,-0.136117400113111,-0.130284993673488
"betweenness_1910_~_betweenness_1930",0.978645118634123,0.968969671966708,0.0530577713083178,"Data contain duplicated values: LSCV is not well-behaved in this case",-0.000592375466935538,-0.00025513155809348
"betweenness_1910_~_zipf_1930",0.755426809656291,0.638720847711666,0,NA,-0.137890884337609,-2.22022510820407e-07
"betweenness_1910_~_spectral_diversity_1930",0.785745431743372,0.341467244153869,2.42694753183059e-13,NA,-0.11360852247085,-2.00330174672439e-07
"betweenness_1910_~_entropy_1930",0.542467731591816,0.138180894088823,0,NA,-0.270617175748578,-3.90514627591838e-08
"zipf_1910_~_betweenness_1930",0.555758655841451,0.719367108361601,0,NA,-1.17101716450973e-08,-0.22314295038837
"zipf_1910_~_zipf_1930",0.603070758675914,0.602685175266096,0.930644395827006,NA,-0.15951751090699,-0.158237418970001
"zipf_1910_~_spectral_diversity_1930",0.504717131184967,0.520530357867745,0.329287912585074,NA,-0.00865415035650286,-0.0379997268687863
"zipf_1910_~_entropy_1930",0.366707867188369,0.330179330504697,0.130880467361377,NA,-0.0778960899537915,-0.0586904661832666
"spectral_diversity_1910_~_betweenness_1930",0.339401459189362,0.861128311026061,0,NA,-7.51757045811938e-09,-0.0765080613493237
"spectral_diversity_1910_~_zipf_1930",0.487589680315236,0.485075121667719,0.878212952013834,NA,-0.0281668133399142,-0.0226244985832962
"spectral_diversity_1910_~_spectral_diversity_1930",0.945507469398157,0.943758495680289,0.655206919319369,NA,-0.0111349113425599,-0.0166722436934136
"entropy_1910_~_betweenness_1930",0.103484053421623,0.432757610083575,0,NA,-1.79112262502789e-09,-0.362745490054664
"entropy_1910_~_zipf_1930",0.382028589703409,0.435137172832708,0.000181753997379408,NA,-0.0106041277167561,-0.0901729004347089
"entropy_1910_~_entropy_1930",0.637702215576882,0.636459825103776,0.989634864843025,NA,-0.131391438723049,-0.132885165787494
"betweenness_1910_~_betweenness_1940",0.99,0.99,0.999844228850673,NA,-2.71505765558536e-07,-5.54655851948241e-07
"betweenness_1910_~_zipf_1940",0.785824508209463,0.676801472873541,2.00524041815697e-11,NA,-0.0932641281831206,-2.04490914689597e-07
"betweenness_1910_~_spectral_diversity_1940",0.857803224921974,0.359113322749306,9.48130463029884e-13,NA,-0.0549348281302457,-1.13245672889299e-07
"betweenness_1910_~_entropy_1940",0.598918363354059,0.159888417080162,0,NA,-0.239106213643162,-3.58925469897583e-08
"zipf_1910_~_betweenness_1940",0.56382276868658,0.705878258820311,0,NA,-5.11663490477318e-08,-0.192635198971345
"zipf_1910_~_zipf_1940",0.605674834573603,0.605819511696671,0.752997125095141,NA,-0.158281480305603,-0.152198323191218
"zipf_1910_~_spectral_diversity_1940",0.520487499916939,0.544703688795195,0.299737677370842,NA,-0.00288454216476667,-0.0285243565043613
"zipf_1910_~_entropy_1940",0.382603901871898,0.348638218432186,0.186448259875721,NA,-0.0670775443355777,-0.0518185551013899
"spectral_diversity_1910_~_betweenness_1940",0.345406930401771,0.859896402378492,0,NA,-1.8960493889785e-08,-0.0590634510229903
"spectral_diversity_1910_~_zipf_1940",0.469471383377592,0.467954134116558,0.832360098018958,NA,-0.0327677032450234,-0.0234366767596768
"spectral_diversity_1910_~_spectral_diversity_1940",0.954325068777409,0.953645754888874,0.270239703513276,NA,-0.00402206052732738,-0.0126858642395565
"entropy_1910_~_betweenness_1940",0.124920817261078,0.512511516730848,0,NA,-9.89144352756016e-09,-0.286627099064891
"entropy_1910_~_zipf_1940",0.343553906150461,0.372447433846061,0.9894812566866,NA,-0.0802673647966801,-0.0509540821310548
"entropy_1910_~_entropy_1940",0.679451559125792,0.678909617138279,0.747453775053091,NA,-0.124369722266043,-0.1191320058727
"betweenness_1910_~_betweenness_1950",0.99,0.99,0.999914907503277,NA,-4.7956873097515e-07,-5.23050627246261e-07
"betweenness_1910_~_zipf_1950",0.751900169006621,0.620941256116002,0,NA,-0.140312969380369,-1.8817709813126e-07
"betweenness_1910_~_spectral_diversity_1950",0.865137376679797,0.365547997592993,1.45106149318508e-12,NA,-0.0531769250065348,-1.04610219868015e-07
"betweenness_1910_~_entropy_1950",0.566328234764818,0.148688774308096,0,NA,-0.2518204473831,-3.34522048081765e-08
"zipf_1910_~_betweenness_1950",0.618749383828278,0.738809638025608,0,NA,-9.02196837914898e-08,-0.172608176071476
"zipf_1910_~_zipf_1950",0.839784997892473,0.83938997340163,0.348705484930055,NA,-0.0477044714833258,-0.0579341817052036
"zipf_1910_~_spectral_diversity_1950",0.482189449920452,0.483646791787981,0.627029250944462,NA,-0.026664636623418,-0.0462365340160897
"zipf_1910_~_entropy_1950",0.380664138343631,0.345380213811757,0.234118075051271,NA,-0.0679824069018086,-0.0609507203813156
"spectral_diversity_1910_~_betweenness_1950",0.360872243554043,0.84275112446975,0,NA,-4.72162492532018e-08,-0.0813701915666203
"spectral_diversity_1910_~_zipf_1950",0.50697988346958,0.510279386345908,0.928694218403981,NA,-0.00726258351567364,-0.00890082257319043
"spectral_diversity_1910_~_spectral_diversity_1950",0.915743597172348,0.911921417927378,0.38742997743981,NA,-0.0167502851340495,-0.0320476989425224
"entropy_1910_~_betweenness_1950",0.14125710551249,0.524236335545924,0,NA,-3.41841660683452e-08,-0.270284409091448
"entropy_1910_~_zipf_1950",0.408348603237618,0.464646480626053,0.00538432385953835,NA,-0.0126738006760801,-0.0532467538177588
"entropy_1910_~_entropy_1950",0.641452808877126,0.642473413068417,0.749199263172943,NA,-0.12643318379088,-0.131629293473984
"betweenness_1910_~_betweenness_1960",0.99,0.99,0.999222780062451,NA,-1.43792988210319e-06,-4.27329196047397e-07
"betweenness_1910_~_zipf_1960",0.773520400119474,0.636445841059133,2.22044604925031e-16,NA,-0.121595827576738,-1.13116405140746e-07
"betweenness_1910_~_spectral_diversity_1960",0.856617657410549,0.362408318621787,2.55884202715606e-12,NA,-0.0594584213478311,-1.05787649444669e-07
"betweenness_1910_~_entropy_1960",0.551068196737509,0.128563258718246,0,NA,-0.268317867678379,-3.42958967713531e-08
"zipf_1910_~_betweenness_1960",0.557896458744285,0.695399818096255,0,NA,-1.66577878437326e-07,-0.208988245249217
"zipf_1910_~_zipf_1960",0.760736424053963,0.761328446548894,0.597481260779507,NA,-0.0811295367484586,-0.0880392022617505
"zipf_1910_~_spectral_diversity_1960",0.477032258984208,0.481130148111451,0.566466189271015,NA,-0.0225474739721947,-0.0444704721913269
"zipf_1910_~_entropy_1960",0.329724672055785,0.293042472744829,0.311241184823472,NA,-0.0650877553928097,-0.0646851022480828
"spectral_diversity_1910_~_betweenness_1960",0.356012422874063,0.839148503393546,0,NA,-9.75559324800631e-08,-0.0864351513262188
"spectral_diversity_1910_~_zipf_1960",0.448857154418468,0.450605300776199,0.802062409067781,NA,-0.0338216600332496,-0.0194731116674059
"spectral_diversity_1910_~_spectral_diversity_1960",0.901649643684201,0.901749393470213,0.937230843404061,NA,-0.0275415731512577,-0.026282975446359
"entropy_1910_~_betweenness_1960",0.160980404006935,0.531229803046225,0,NA,-6.54865780125845e-08,-0.278252100396084
"entropy_1910_~_zipf_1960",0.338423358253726,0.368803691944622,0.732758354649261,NA,-0.066065824876279,-0.04660340358184
"entropy_1910_~_entropy_1960",0.627660254749556,0.628435961392572,0.978859621070385,NA,-0.128312985098731,-0.128055920183074
"betweenness_1910_~_betweenness_1970",0.99,0.99,0.99948404778884,NA,-1.16720854628185e-06,-2.30591878487971e-07
"betweenness_1910_~_zipf_1970",0.72581996105151,0.586906229262754,0,NA,-0.1553438807964,-1.77502704281785e-07
"betweenness_1910_~_spectral_diversity_1970",0.855443247259053,0.369053380978797,3.62909702289471e-12,NA,-0.0615843128128942,-1.06653949017477e-07
"betweenness_1910_~_entropy_1970",0.56179023513772,0.134859785567536,0,NA,-0.271750147890585,-2.9747465062492e-08
"zipf_1910_~_betweenness_1970",0.59832946752971,0.74924770057717,0,NA,-2.04723747514273e-07,-0.156754252495682
"zipf_1910_~_zipf_1970",0.629987282602756,0.629890487142086,0.52231154467525,NA,-0.142448688139241,-0.130698273994874
"zipf_1910_~_spectral_diversity_1970",0.497364524549253,0.501854013249691,0.542095277466427,NA,-0.0175999377527205,-0.0412591436050086
"zipf_1910_~_entropy_1970",0.315115035267469,0.28849381478725,0.219579359670105,NA,-0.0822940865294528,-0.0695640578542353
"spectral_diversity_1910_~_betweenness_1970",0.311894084145708,0.828935611136165,0,NA,-7.75421934476619e-08,-0.0837151580144739
"spectral_diversity_1910_~_zipf_1970",0.440132615212126,0.441862085804854,0.761590645395955,NA,-0.0376399202213181,-0.0211503809800658
"spectral_diversity_1910_~_spectral_diversity_1970",0.892711481310118,0.895662899370174,0.253358182944519,NA,-0.0399796343123069,-0.018971539276726
"entropy_1910_~_betweenness_1970",0.208206938556663,0.593548751657581,0,NA,-2.8790618342841e-07,-0.16094536854055
"entropy_1910_~_zipf_1970",0.326558359790989,0.355295732844565,0.737828944532739,NA,-0.0664629249163368,-0.0483594777181031
"entropy_1910_~_entropy_1970",0.657625081224266,0.655672408176118,0.79643911041751,NA,-0.121374708474365,-0.118469075337187
"betweenness_1910_~_betweenness_1980",0.99,0.99,0.999264613637651,NA,-9.64965386883648e-07,-2.81045679299377e-07
"betweenness_1910_~_zipf_1980",0.734173401620206,0.582552080522417,0,NA,-0.147500543739994,-1.73950525348411e-07
"betweenness_1910_~_spectral_diversity_1980",0.863389388414841,0.371968043663105,1.58353330448335e-11,NA,-0.0481361291085786,-1.26674857322181e-07
"betweenness_1910_~_entropy_1980",0.544342876539951,0.122000312580346,0,NA,-0.278905952394439,-2.89780657123716e-08
"zipf_1910_~_betweenness_1980",0.587349189241909,0.708575751355406,0,NA,-5.95615495627974e-07,-0.168060799114848
"zipf_1910_~_zipf_1980",0.799532689700716,0.798420559490603,0.564022016498386,NA,-0.0557714111832293,-0.064468201568675
"zipf_1910_~_spectral_diversity_1980",0.471694292689351,0.474405244165558,0.431599763909666,NA,-0.0206014163644785,-0.0536141956247805
"zipf_1910_~_entropy_1980",0.326798786941346,0.290071697080223,0.244825664010366,NA,-0.0682929880738111,-0.0626514313799247
"spectral_diversity_1910_~_betweenness_1980",0.337113780800265,0.803956253006376,0,NA,-2.45940805422161e-07,-0.0695464148559394
"spectral_diversity_1910_~_zipf_1980",0.438582952320014,0.436923493632332,0.674275789880038,NA,-0.0370052948822259,-0.0181751634759322
"spectral_diversity_1910_~_spectral_diversity_1980",0.879875546091651,0.881012606347474,0.642123377723464,NA,-0.0256403883587144,-0.0328168503710665
"entropy_1910_~_betweenness_1980",0.202952965472687,0.540661448893619,0,NA,-6.42588943902663e-07,-0.174716956871048
"entropy_1910_~_zipf_1980",0.336903941039931,0.368857745287585,0.35583155058142,NA,-0.0530364443042564,-0.0508859249758508
"entropy_1910_~_entropy_1980",0.640601948936542,0.63943619345388,0.831855896648847,NA,-0.116478881931969,-0.121720805670658
"betweenness_1910_~_betweenness_1990",0.984554050982264,0.973990994730756,0.0405993676389822,NA,-4.09062049845983e-05,-5.10613506544891e-06
"betweenness_1910_~_zipf_1990",0.72029925490372,0.551568962824029,0,NA,-0.148456092752812,-1.71851567125199e-07
"betweenness_1910_~_spectral_diversity_1990",0.85805156828014,0.338958822921422,8.17124146124115e-13,NA,-0.0492677904848758,-1.14512402411069e-07
"betweenness_1910_~_entropy_1990",0.550888187624788,0.125429995087313,0,NA,-0.266515128711926,-3.16544357855722e-08
"zipf_1910_~_betweenness_1990",0.588844212299502,0.709852976302658,0,NA,-1.56491083731539e-06,-0.1742747977071
"zipf_1910_~_zipf_1990",0.694592596162341,0.69466814613356,0.273388189913325,NA,-0.0906783924806529,-0.109187310190806
"zipf_1910_~_spectral_diversity_1990",0.455889570170026,0.473687675978796,0.108706246548134,NA,-0.00753878782178295,-0.0630698139139874
"zipf_1910_~_entropy_1990",0.355189505880956,0.315300681662749,0.0221061682800741,NA,-0.0772339853620144,-0.0331770462420224
"spectral_diversity_1910_~_betweenness_1990",0.347962118052148,0.794751043345577,0,NA,-9.65951733837589e-07,-0.0708582519502305
"spectral_diversity_1910_~_zipf_1990",0.432131528147661,0.450337769998829,0.418984958768197,NA,-0.0158823910014935,-0.0377428381245017
"spectral_diversity_1910_~_spectral_diversity_1990",0.879764622706108,0.880871832105488,0.752742697899859,NA,-0.0195067577640683,-0.0241820556678401
"entropy_1910_~_betweenness_1990",0.22220402132868,0.570056642158179,0,NA,-9.38691648130122e-07,-0.173951009152497
"entropy_1910_~_zipf_1990",0.350579732035901,0.384978906099325,0.171546310044114,NA,-0.0445457549311386,-0.0551909648202899
"entropy_1910_~_entropy_1990",0.610401101799504,0.609941536249412,0.777414432260768,NA,-0.134056236150892,-0.128598786832646
"betweenness_1910_~_betweenness_2000",0.971948062229586,0.958567766382465,0.120651830563801,NA,-1.87219485948426e-05,-1.25043758210678e-05
"betweenness_1910_~_zipf_2000",0.700867879532832,0.529422548385173,0,NA,-0.154523583988473,-1.66413065196398e-07
"betweenness_1910_~_spectral_diversity_2000",0.844300638387704,0.341177696941496,3.08886249911211e-12,NA,-0.0591574974462497,-1.05161004315602e-07
"betweenness_1910_~_entropy_2000",0.578094359118726,0.128860792100985,0,NA,-0.234521452238709,-3.19892431372906e-08
"zipf_1910_~_betweenness_2000",0.58784169155417,0.750002702061665,0,NA,-6.78242761688371e-06,-0.129864002684589
"zipf_1910_~_zipf_2000",0.608774874138372,0.608342016455154,0.0432427315288995,NA,-0.152938804840185,-0.114540454322052
"zipf_1910_~_spectral_diversity_2000",0.466125786572674,0.479327665022303,0.192068456223669,NA,-0.00669164527387888,-0.053863047016082
"zipf_1910_~_entropy_2000",0.355763279013655,0.323492982128109,0.510565539495924,NA,-0.02421897115145,-0.0795700574287696
"spectral_diversity_1910_~_betweenness_2000",0.342148326039759,0.788968093404127,0,NA,-3.74498686427447e-06,-0.0512829357959443
"spectral_diversity_1910_~_zipf_2000",0.429354872868588,0.427531996236709,0.771783013967358,NA,-0.0369441701370159,-0.0253211153612069
"spectral_diversity_1910_~_spectral_diversity_2000",0.857803777795168,0.860655172204031,0.478860722684087,NA,-0.0240381952640939,-0.035969741778781
"entropy_1910_~_betweenness_2000",0.238168692797903,0.519923262239709,0,NA,-2.56776641737073e-06,-0.214418252958641
"entropy_1910_~_zipf_2000",0.330579005008509,0.36031169225215,0.224778575439851,NA,-0.0524655856738067,-0.0609947107084559
"entropy_1910_~_entropy_2000",0.610778367625255,0.609807835623138,0.667393155082577,NA,-0.122534877623727,-0.132667432798673
"betweenness_1920_~_betweenness_1930",0.99,0.99,0.997433979556025,NA,-1.19235422048786e-07,-7.27736698099619e-07
"betweenness_1920_~_zipf_1930",0.747080459758031,0.597655673723509,0,NA,-0.16215567765144,-6.20621508644554e-08
"betweenness_1920_~_spectral_diversity_1930",0.863017483444029,0.340623783305523,4.00568467284756e-13,NA,-0.0519491356478065,-4.02647326632343e-08
"betweenness_1920_~_entropy_1930",0.541200761688218,0.135333997432927,0,NA,-0.271164023285362,-1.40778759350747e-08
"zipf_1920_~_betweenness_1930",0.555778658321086,0.713742476507985,0,"Data contain duplicated values: LSCV is not well-behaved in this case",-1.28765937716003e-08,-0.223329623786628
"zipf_1920_~_zipf_1930",0.624414143823338,0.623825932409094,0.862240551515501,NA,-0.157598697326411,-0.155036814320734
"zipf_1920_~_spectral_diversity_1930",0.507784677794425,0.522015805865312,0.462954212790519,NA,-0.0125953830845404,-0.0321541869725086
"zipf_1920_~_entropy_1930",0.398994442956163,0.35891396098984,0.0554516980353659,NA,-0.0785339237860069,-0.0446972924422958
"spectral_diversity_1920_~_betweenness_1930",0.336199746623247,0.846505279124709,0,NA,-7.09678396905257e-09,-0.0891031398370676
"spectral_diversity_1920_~_zipf_1930",0.511635418354908,0.506637916915943,0.91569320564091,NA,-0.0171382521932353,-0.016529363936544
"spectral_diversity_1920_~_spectral_diversity_1930",0.944286333986607,0.942541093812427,0.934401388968084,NA,-0.0161982717464841,-0.0186442461532172
"entropy_1920_~_betweenness_1930",0.118343685564579,0.498770366148347,0,NA,-2.07390338871669e-09,-0.312841855895249
"entropy_1920_~_zipf_1930",0.375773407214676,0.427306415260243,0.00311813812794415,NA,-0.0159449902531193,-0.0704539656749685
"entropy_1920_~_entropy_1930",0.586540551415861,0.587905579068596,0.899413920052951,NA,-0.159486105889484,-0.155619121220263
"betweenness_1920_~_betweenness_1940",0.99,0.99,0.998186922344108,NA,-1.35223691426817e-07,-1.03239071390134e-06
"betweenness_1920_~_zipf_1940",0.725179662999312,0.574163104589618,0,NA,-0.172386204521702,-5.62317996308732e-08
"betweenness_1920_~_spectral_diversity_1940",0.866077011524134,0.339462111945332,1.93400850889702e-13,NA,-0.0494957149847461,-3.65896558577144e-08
"betweenness_1920_~_entropy_1940",0.590162963687224,0.156446802617577,0,NA,-0.241982166196305,-1.49931964091985e-08
"zipf_1920_~_betweenness_1940",0.605409504081423,0.735609727379486,0,NA,-5.52177850624403e-08,-0.158108482764537
"zipf_1920_~_zipf_1940",0.649518178752847,0.649242821484299,0.847733053484037,NA,-0.142641805661762,-0.146273004774871
"zipf_1920_~_spectral_diversity_1940",0.521318302835054,0.547658605427256,0.277158940205676,NA,-0.00328148841055215,-0.0290085993598825
"zipf_1920_~_entropy_1940",0.365056687645529,0.334901257916981,0.0311534473027104,NA,-0.0950395986215814,-0.048266522297175
"spectral_diversity_1920_~_betweenness_1940",0.345927503083123,0.848180706874576,0,NA,-2.12476333313248e-08,-0.0641616835496806
"spectral_diversity_1920_~_zipf_1940",0.449877543826097,0.448938283454508,0.732377717795365,NA,-0.0454743813447767,-0.0300294129550947
"spectral_diversity_1920_~_spectral_diversity_1940",0.951924988953361,0.95018079295262,0.591495799794965,NA,-0.00969256618883646,-0.0154968044461222
"entropy_1920_~_betweenness_1940",0.138526792913676,0.568208482806061,0,NA,-1.37876433347981e-08,-0.236547558038212
"entropy_1920_~_zipf_1940",0.356661664480483,0.396003411555821,0.0315483948135009,NA,-0.0365062714930103,-0.0710992638843872
"entropy_1920_~_entropy_1940",0.680553586202776,0.680077392266603,0.95283462867799,NA,-0.128057923086281,-0.127528967011862
"betweenness_1920_~_betweenness_1950",0.99,0.99,0.913612805328603,NA,-8.96360736687507e-07,-3.46311015547262e-05
"betweenness_1920_~_zipf_1950",0.739018674347919,0.579573038334699,0,NA,-0.165797907142352,-5.24183556840392e-08
"betweenness_1920_~_spectral_diversity_1950",0.871508650143241,0.343108912940421,1.70086167372574e-13,NA,-0.0512506138713468,-3.18246216125429e-08
"betweenness_1920_~_entropy_1950",0.58257478573507,0.149528835220418,0,NA,-0.241140255686929,-1.40419697746148e-08
"zipf_1920_~_betweenness_1950",0.629535369166242,0.741745799142973,0,NA,-1.02576757209687e-07,-0.164070452588148
"zipf_1920_~_zipf_1950",0.869067108866476,0.867734689749259,0.0372613216841009,"Data contain duplicated values: LSCV is not well-behaved in this case",-0.0362731328433543,-0.0551731894105562
"zipf_1920_~_spectral_diversity_1950",0.498696314108945,0.506430335731958,0.490628731105235,NA,-0.0188110173514279,-0.0417244209719204
"zipf_1920_~_entropy_1950",0.394213024484079,0.359794169715183,0.134780727091505,NA,-0.0723678664677091,-0.0534290786367813
"spectral_diversity_1920_~_betweenness_1950",0.358363225281523,0.83620473852261,0,NA,-2.11655533495167e-08,-0.097662395879504
"spectral_diversity_1920_~_zipf_1950",0.47530193765852,0.479162105311828,0.802224734541377,NA,-0.0167137634826505,-0.0257956584642833
"spectral_diversity_1920_~_spectral_diversity_1950",0.919558218177248,0.915858890717326,0.560325124488954,NA,-0.0197827160088146,-0.030748346126248
"entropy_1920_~_betweenness_1950",0.141444453350595,0.540301112874461,0,NA,-2.9321683311529e-08,-0.267309598304621
"entropy_1920_~_zipf_1950",0.324839054304816,0.357829589005083,0.259670413241154,NA,-0.0588354736043872,-0.0628564134950865
"entropy_1920_~_entropy_1950",0.585439778635136,0.587177629508004,0.874762887537543,NA,-0.153728202000597,-0.155150826856206
"betweenness_1920_~_betweenness_1960",0.99,0.99,0.996500704209474,"Data contain duplicated values: LSCV is not well-behaved in this case",-6.3439425001396e-06,-1.26964726565124e-07
"betweenness_1920_~_zipf_1960",0.726435938651012,0.565550269087856,0,NA,-0.173832872399655,-5.62233168199481e-08
"betweenness_1920_~_spectral_diversity_1960",0.862836418529704,0.34175198596199,5.28244115116649e-13,NA,-0.0539877426247289,-3.38658618908687e-08
"betweenness_1920_~_entropy_1960",0.540621952832444,0.125399075403322,0,NA,-0.274548506880351,-1.35043991892807e-08
"zipf_1920_~_betweenness_1960",0.590083817178877,0.720993479440005,0,NA,-1.89572478865266e-07,-0.175299550463067
"zipf_1920_~_zipf_1960",0.826819771477766,0.826503581623795,0.00295977301462047,NA,-0.0442960579700573,-0.0764417461916634
"zipf_1920_~_spectral_diversity_1960",0.478795687515008,0.483424062460396,0.597317102552195,NA,-0.02413529229992,-0.0433331488841837
"zipf_1920_~_entropy_1960",0.373069475826426,0.329724268130494,0.0756268465230965,NA,-0.0692180227061521,-0.0422823393456276
"spectral_diversity_1920_~_betweenness_1960",0.356591075918483,0.837449908089789,0,NA,-9.45565424661306e-08,-0.0874538082350419
"spectral_diversity_1920_~_zipf_1960",0.443299188522455,0.448882766175146,0.879576118155623,NA,-0.0286502972850184,-0.0305183755918206
"spectral_diversity_1920_~_spectral_diversity_1960",0.914238147785303,0.911754364196166,0.436101228719125,NA,-0.0177149833199282,-0.0304236905242515
"entropy_1920_~_betweenness_1960",0.169149836849839,0.57388256004543,0,NA,-5.86755622688327e-08,-0.25518185521218
"entropy_1920_~_zipf_1960",0.319236279256311,0.352394823788157,0.201569838404425,NA,-0.0531105067194523,-0.0622316280548597
"entropy_1920_~_entropy_1960",0.604472013241614,0.607662434373662,0.657034542702679,NA,-0.139404770912118,-0.145023644445651
"betweenness_1920_~_betweenness_1970",0.99,0.99,0.999858657782887,NA,-1.50926983286837e-06,-1.32578577852045e-06
"betweenness_1920_~_zipf_1970",0.722675968102346,0.551853659171039,0,NA,-0.174887554199663,-6.24772240609662e-08
"betweenness_1920_~_spectral_diversity_1970",0.85657684181023,0.346705014939372,6.66133814775094e-13,NA,-0.0607216809146837,-3.57995247065982e-08
"betweenness_1920_~_entropy_1970",0.557598711997934,0.133967645763522,0,NA,-0.269279160330751,-1.38885423290666e-08
"zipf_1920_~_betweenness_1970",0.628207925876988,0.752735581474225,0,NA,-5.50556076289667e-07,-0.126628187922794
"zipf_1920_~_zipf_1970",0.644159321490109,0.643494175569517,0.591192824438891,NA,-0.140681038654905,-0.131756946174437
"zipf_1920_~_spectral_diversity_1970",0.502394854102016,0.508438878530188,0.605933349363556,NA,-0.0197074384884936,-0.0374433727204573
"zipf_1920_~_entropy_1970",0.367134725412783,0.332197958741789,0.0169784982812138,NA,-0.0912343369685254,-0.0422388339665608
"spectral_diversity_1920_~_betweenness_1970",0.311115709554908,0.818008786219562,0,NA,-9.33739543923534e-08,-0.0881887783899843
"spectral_diversity_1920_~_zipf_1970",0.449138350434174,0.451393130024854,0.855955232624164,NA,-0.0328962326886012,-0.0218912688441373
"spectral_diversity_1920_~_spectral_diversity_1970",0.917464091662005,0.916943388577522,0.620018933708659,NA,-0.0221689009429878,-0.0163405788033231
"entropy_1920_~_betweenness_1970",0.200858395429132,0.610596014022232,0,NA,-2.07597873850007e-07,-0.168912633838162
"entropy_1920_~_zipf_1970",0.299418834381567,0.327683810699116,0.424434214409861,NA,-0.0634716031125051,-0.06095294143284
"entropy_1920_~_entropy_1970",0.68753365951011,0.686812330967201,0.727596547811922,NA,-0.108937640805736,-0.115744815964125
"betweenness_1920_~_betweenness_1980",0.99,0.99,0.999074424718404,NA,-1.62868009346294e-06,-1.81917421983586e-07
"betweenness_1920_~_zipf_1980",0.748609805837984,0.562171129049469,0,NA,-0.152404107335922,-5.4055301469551e-08
"betweenness_1920_~_spectral_diversity_1980",0.862250917261764,0.344310753609813,5.6576965334898e-13,NA,-0.0572934537214067,-3.52307401050412e-08
"betweenness_1920_~_entropy_1980",0.612282460981777,0.139574853083306,0,NA,-0.213674118454999,-1.38733743254241e-08
"zipf_1920_~_betweenness_1980",0.582944405512094,0.691407583086193,0,NA,-7.36858580212044e-07,-0.171492467136408
"zipf_1920_~_zipf_1980",0.70426822068998,0.702347961585008,0.525215299403338,NA,-0.111671463428939,-0.103406303001465
"zipf_1920_~_spectral_diversity_1980",0.488510637038956,0.493363813344142,0.58953624895532,NA,-0.0208308529848625,-0.0410429865539217
"zipf_1920_~_entropy_1980",0.362583812745866,0.321049453537175,0.106561011558028,NA,-0.0707488916935464,-0.0496904361881102
"spectral_diversity_1920_~_betweenness_1980",0.336396669149822,0.795168657534595,0,NA,-2.53675688750345e-07,-0.0778826665430889
"spectral_diversity_1920_~_zipf_1980",0.458839233098197,0.473844753037361,0.562864898569864,NA,-0.0121999445110928,-0.0264247189856471
"spectral_diversity_1920_~_spectral_diversity_1980",0.818990179669058,0.822701080997769,0.809391078896271,NA,-0.0682427513742551,-0.058619680899623
"entropy_1920_~_betweenness_1980",0.196121952521239,0.543032983362468,0,NA,-6.8486979282148e-07,-0.185825702163808
"entropy_1920_~_zipf_1980",0.312294195954152,0.344997064358732,0.148369163392402,NA,-0.0473609960998002,-0.0627032576747068
"entropy_1920_~_entropy_1980",0.638472597494634,0.639654153663654,0.847247677332961,NA,-0.124190351933221,-0.119276350049211
"betweenness_1920_~_betweenness_1990",0.99,0.99,0.998408335844802,NA,-1.42945394686938e-06,-3.77908689687989e-07
"betweenness_1920_~_zipf_1990",0.6983330458738,0.497970400505325,0,NA,-0.185626406043443,-5.94348695298989e-08
"betweenness_1920_~_spectral_diversity_1990",0.853338988973244,0.313220851616137,3.17523785042795e-14,NA,-0.0550071298175938,-3.50383168436746e-08
"betweenness_1920_~_entropy_1990",0.57094962100652,0.129501851178266,0,NA,-0.244093957575777,-1.43218517588976e-08
"zipf_1920_~_betweenness_1990",0.598286335241128,0.711659017137898,0,NA,-1.57811094755017e-06,-0.167586707564717
"zipf_1920_~_zipf_1990",0.700033829856256,0.698833267548424,0.832854087125107,NA,-0.10298474600487,-0.100732899880246
"zipf_1920_~_spectral_diversity_1990",0.474263862081614,0.486981574185134,0.391710225990058,NA,-0.0140331339657708,-0.0409789668663057
"zipf_1920_~_entropy_1990",0.364374231528934,0.327515210793338,0.0609871469534713,NA,-0.0699554503296015,-0.0384115582934273
"spectral_diversity_1920_~_betweenness_1990",0.351599204417235,0.795569424869902,0,NA,-9.58969881646054e-07,-0.068095085326872
"spectral_diversity_1920_~_zipf_1990",0.452959521748248,0.462488699211018,0.81927290732302,NA,-0.020911847848146,-0.0224993923867604
"spectral_diversity_1920_~_spectral_diversity_1990",0.90877356240214,0.909680020461756,0.305250545401119,NA,-0.00491252013613901,-0.0186945937662619
"entropy_1920_~_betweenness_1990",0.215547243123505,0.570488213285318,0,NA,-7.80226134272808e-07,-0.181830977364653
"entropy_1920_~_zipf_1990",0.334887470489251,0.370352726148947,0.111028330065478,NA,-0.0404079607856172,-0.0599727786531905
"entropy_1920_~_entropy_1990",0.656714648086206,0.655882172355325,0.933373594067668,NA,-0.117047382435938,-0.116280766787064
"betweenness_1920_~_betweenness_2000",0.978761576296318,0.898249101870343,6.23422514753891e-05,NA,-0.00119479529123722,-9.88422273111574e-06
"betweenness_1920_~_zipf_2000",0.676862897898854,0.469959329010149,0,NA,-0.200475318376061,-5.42353210931404e-08
"betweenness_1920_~_spectral_diversity_2000",0.840026475006943,0.313580460934977,6.3948846218409e-14,NA,-0.0656362261639821,-3.42808730406265e-08
"betweenness_1920_~_entropy_2000",0.59250974821795,0.130689265890457,0,NA,-0.219912308034325,-1.31792744343027e-08
"zipf_1920_~_betweenness_2000",0.575786129943302,0.729246397698882,0,NA,-5.59356740647405e-06,-0.149741798210678
"zipf_1920_~_zipf_2000",0.676333001061867,0.6749899943566,0.00111889541220145,NA,-0.138857984869926,-0.0840965331372376
"zipf_1920_~_spectral_diversity_2000",0.476046154068408,0.490878284764444,0.234027829989301,NA,-0.0074535254400462,-0.0480149522816093
"zipf_1920_~_entropy_2000",0.359991015414347,0.320248923768108,0.0129892258059701,NA,-0.0849364601094974,-0.0365905026193266
"spectral_diversity_1920_~_betweenness_2000",0.338686426215406,0.78307033641963,0,NA,-3.14920609332101e-06,-0.0606519550948657
"spectral_diversity_1920_~_zipf_2000",0.429730065748871,0.429891404706644,0.955607257116989,NA,-0.0343678936943626,-0.0316739206943955
"spectral_diversity_1920_~_spectral_diversity_2000",0.888445012661986,0.890549134299963,0.694700939127492,NA,-0.0166131214555658,-0.0211956945399617
"entropy_1920_~_betweenness_2000",0.252817711173332,0.560549877861083,0,NA,-2.35126808566059e-06,-0.188155211822331
"entropy_1920_~_zipf_2000",0.320436209140174,0.35485023754073,0.0398461156677536,NA,-0.0401913628555201,-0.0741569916385955
"entropy_1920_~_entropy_2000",0.596585870695941,0.595760653713378,0.6743511947509,NA,-0.135504080269281,-0.144948727646852
"betweenness_1930_~_betweenness_1940",0.99,0.99,0.998209442947722,"Data contain duplicated values: LSCV is not well-behaved in this case",-1.05893484977259e-06,-3.65335487825392e-07
"betweenness_1930_~_zipf_1940",0.73844356122963,0.596591043445653,0,NA,-0.165507746134376,-1.67915192175928e-08
"betweenness_1930_~_spectral_diversity_1940",0.861262460690845,0.346560978951777,1.15463194561016e-13,NA,-0.0747731462668198,-7.09067524825256e-09
"betweenness_1930_~_entropy_1940",0.45453167301814,0.11578966753139,0,NA,-0.334885008838032,-1.8747414746263e-09
"zipf_1930_~_betweenness_1940",0.590487422642697,0.736224121101503,0,NA,-5.35419936086071e-08,-0.16623564532794
"zipf_1930_~_zipf_1940",0.589052153364819,0.589281227032176,0.985978271931566,NA,-0.172298607029217,-0.172399110057054
"zipf_1930_~_spectral_diversity_1940",0.519936045069441,0.542924124385569,0.312722679155204,NA,-0.0041558132349641,-0.0300451329148429
"zipf_1930_~_entropy_1940",0.4480708260576,0.390427620729681,0.00220857778900729,NA,-0.0800279716724538,-0.0124395109134596
"spectral_diversity_1930_~_betweenness_1940",0.357161970590472,0.854277590176352,0,NA,-3.05524875450265e-08,-0.0608691344768452
"spectral_diversity_1930_~_zipf_1940",0.528140760352458,0.50821070933495,0.41843781469497,NA,-0.0288287959517131,-0.00679046427861377
"spectral_diversity_1930_~_spectral_diversity_1940",0.977627101259633,0.97731996631952,0.757105515931149,NA,-0.00852630519964494,-0.00779134756822487
"entropy_1930_~_betweenness_1940",0.132205805316839,0.546243905469818,0,NA,-1.77798706154012e-08,-0.261766629925436
"entropy_1930_~_zipf_1940",0.385840679772249,0.442818966131054,0.000342135964331858,NA,-0.015854305229864,-0.0889414769727146
"entropy_1930_~_entropy_1940",0.703120734817293,0.699854956482805,0.367841931297238,NA,-0.122992012222679,-0.110968119726621
"betweenness_1930_~_betweenness_1950",0.99,0.99,0.998686058978088,"Data contain duplicated values: LSCV is not well-behaved in this case",-1.05420393032698e-06,-6.2067992992242e-07
"betweenness_1930_~_zipf_1950",0.734771585728575,0.586508712212361,0,NA,-0.175380175287982,-1.68178223146468e-08
"betweenness_1930_~_spectral_diversity_1950",0.869585456507349,0.354520501565852,2.74669176292264e-13,NA,-0.0718085197947955,-7.23190949842982e-09
"betweenness_1930_~_entropy_1950",0.430294927362465,0.109006829870144,0,NA,-0.329504436783934,-1.56029193575854e-09
"zipf_1930_~_betweenness_1950",0.629969720126679,0.749798080614393,0,NA,-1.41319407332275e-07,-0.156419743907916
"zipf_1930_~_zipf_1950",0.662785962268371,0.662631198877888,0.90529680773806,NA,-0.140402649269832,-0.142585435512708
"zipf_1930_~_spectral_diversity_1950",0.517542829434358,0.53864394477818,0.22200306855622,NA,-0.00513185874297246,-0.0414859944903117
"zipf_1930_~_entropy_1950",0.453914735026456,0.394822923076412,0.00101998707512774,NA,-0.0853354823381439,-0.0149771695664378
"spectral_diversity_1930_~_betweenness_1950",0.37674723227695,0.858389750449938,0,NA,-4.01086402607596e-08,-0.0712509736672915
"spectral_diversity_1930_~_zipf_1950",0.51267157169739,0.496514094313616,0.466680504118081,NA,-0.0288680747562695,-0.00764251920415202
"spectral_diversity_1930_~_spectral_diversity_1950",0.94750792397544,0.946838098936934,0.692647982459565,NA,-0.0169869586160542,-0.0208032827632256
"entropy_1930_~_betweenness_1950",0.13404118873741,0.519880022957551,0,NA,-3.02480784743669e-08,-0.29296573130418
"entropy_1930_~_zipf_1950",0.403511207123706,0.470064675370135,0.00210070709454602,NA,-0.0138396074278265,-0.0604824397548185
"entropy_1930_~_entropy_1950",0.721397584401607,0.722329600779557,0.430379103628279,NA,-0.0978011551285242,-0.10986274873965
"betweenness_1930_~_betweenness_1960",0.99,0.99,0.999626493260984,NA,-8.1310179428688e-07,-4.32236678444492e-07
"betweenness_1930_~_zipf_1960",0.735583350790217,0.585747088285406,0,NA,-0.173652806972651,-1.60105491033694e-08
"betweenness_1930_~_spectral_diversity_1960",0.860254321048721,0.349662160287372,2.12496686913255e-13,NA,-0.0786193209038855,-6.75059022264493e-09
"betweenness_1930_~_entropy_1960",0.464738058661377,0.103416569011874,0,NA,-0.328292482667629,-1.74572873310699e-09
"zipf_1930_~_betweenness_1960",0.576879521491834,0.717479005429949,0,NA,-2.30016615141944e-07,-0.18023820341409
"zipf_1930_~_zipf_1960",0.552667835562297,0.552940597910758,0.835018713532804,NA,-0.177678698943814,-0.181516106437581
"zipf_1930_~_spectral_diversity_1960",0.4752623854388,0.482631405116032,0.454802896288976,NA,-0.0229162125020745,-0.04951114691421
"zipf_1930_~_entropy_1960",0.397051661877186,0.332833123285364,0.000164376757893159,NA,-0.103989187262446,-0.0131673692798246
"spectral_diversity_1930_~_betweenness_1960",0.369904106823229,0.846873843898926,0,NA,-1.13716208337904e-07,-0.0781506070278922
"spectral_diversity_1930_~_zipf_1960",0.499549552323975,0.486796097449131,0.494516798570787,NA,-0.0302721189959845,-0.00845016493431824
"spectral_diversity_1930_~_spectral_diversity_1960",0.941562463512002,0.942964296417568,0.787874685492014,NA,-0.0200321547632723,-0.0163269108300853
"entropy_1930_~_betweenness_1960",0.145891820934927,0.507840922612025,0,NA,-5.610485881727e-08,-0.319599299668267
"entropy_1930_~_zipf_1960",0.362515429589811,0.412367371655541,0.0299625342490148,NA,-0.0365746094392695,-0.065163737972143
"entropy_1930_~_entropy_1960",0.648873499229007,0.649219792302627,0.943908092235592,NA,-0.130456149395403,-0.128772520227617
"betweenness_1930_~_betweenness_1970",0.99,0.964418756538572,0.000257650603619153,NA,-0.000133211365443226,-2.72691515097898e-07
"betweenness_1930_~_zipf_1970",0.733340529349381,0.568822277183086,0,NA,-0.179576873957707,-1.47653473228352e-08
"betweenness_1930_~_spectral_diversity_1970",0.863094994635238,0.359409066139508,5.34683408659475e-13,NA,-0.0786084407069133,-7.34799388929625e-09
"betweenness_1930_~_entropy_1970",0.48186843569625,0.106208150689841,0,NA,-0.355390489808208,-2.00042899023435e-09
"zipf_1930_~_betweenness_1970",0.610429971389056,0.747674280784444,0,NA,-4.84346907244336e-07,-0.139289026251001
"zipf_1930_~_zipf_1970",0.634408810382395,0.634468988735836,0.642719595560927,NA,-0.152142005033216,-0.14377954944581
"zipf_1930_~_spectral_diversity_1970",0.502397066879837,0.509909786722603,0.608433650368955,NA,-0.0220040881590144,-0.0384037948604814
"zipf_1930_~_entropy_1970",0.412098057643621,0.354943935078739,4.36715505447438e-05,NA,-0.110025465036263,-0.0130423030977615
"spectral_diversity_1930_~_betweenness_1970",0.324746709124863,0.831400160491605,0,NA,-9.72645832443817e-08,-0.0798173730704926
"spectral_diversity_1930_~_zipf_1970",0.493084054422347,0.478659921551105,0.368932081418879,NA,-0.0369790284847928,-0.00744564821756682
"spectral_diversity_1930_~_spectral_diversity_1970",0.949397902929119,0.949566078578439,0.63320733069428,NA,-0.0103960044454359,-0.0139037754580012
"entropy_1930_~_betweenness_1970",0.201135465647871,0.610355786784131,0,NA,-2.49039273805947e-07,-0.172165301581306
"entropy_1930_~_zipf_1970",0.329212989656346,0.368704947851842,0.143370219163271,NA,-0.055810610267251,-0.0670671588000798
"entropy_1930_~_entropy_1970",0.695306134939746,0.690336255026026,0.541143736355607,NA,-0.11803443594197,-0.111380040238258
"betweenness_1930_~_betweenness_1980",0.970473307349223,0.99,0,"Data contain duplicated values: LSCV is not well-behaved in this case",-1.56333961328392e-06,-4.51295172339419e-05
"betweenness_1930_~_zipf_1980",0.754818439228648,0.581548590058522,0,NA,-0.156489825897995,-1.5497201777034e-08
"betweenness_1930_~_spectral_diversity_1980",0.86519653113821,0.357886537851681,5.51780843238703e-13,NA,-0.0748091368486364,-7.22718358613345e-09
"betweenness_1930_~_entropy_1980",0.474721396804615,0.100075112850753,0,NA,-0.337902296660171,-1.74861815679569e-09
"zipf_1930_~_betweenness_1980",0.555969807279688,0.681025493033751,0,NA,-6.01619860557186e-07,-0.19414159970181
"zipf_1930_~_zipf_1980",0.628135428695848,0.627635614992345,0.651265995163605,NA,-0.15007313813556,-0.142342948455431
"zipf_1930_~_spectral_diversity_1980",0.480811727859665,0.485407378919021,0.541585251462872,NA,-0.0236125823476783,-0.0473533242155082
"zipf_1930_~_entropy_1980",0.404771865160857,0.336971655659391,0.000142668412457692,NA,-0.103940729138473,-0.0127832101153068
"spectral_diversity_1930_~_betweenness_1980",0.349713605245876,0.809421701330539,0,NA,-2.5574590296629e-07,-0.0754214094779566
"spectral_diversity_1930_~_zipf_1980",0.484321750489727,0.468589050475568,0.341364549142709,NA,-0.0383342899845198,-0.00782587312216155
"spectral_diversity_1930_~_spectral_diversity_1980",0.917650940192582,0.920539335424874,0.635090267380639,NA,-0.0209381761224618,-0.0237451221114459
"entropy_1930_~_betweenness_1980",0.183155985977741,0.51970303244079,0,NA,-6.23592356464087e-07,-0.217974862554463
"entropy_1930_~_zipf_1980",0.34541555591433,0.392320215385557,0.0653582666984389,NA,-0.0429479819048848,-0.0620507585217558
"entropy_1930_~_entropy_1980",0.641904350206291,0.641943062903842,0.986003701707916,NA,-0.128812356532247,-0.129113322981553
"betweenness_1930_~_betweenness_1990",0.985409713527756,0.973997661164403,0.0233469647792639,NA,-4.40438825106199e-05,-4.09237319142391e-06
"betweenness_1930_~_zipf_1990",0.70501522283651,0.507494115867914,0,NA,-0.199524627134237,-1.26662987685593e-08
"betweenness_1930_~_spectral_diversity_1990",0.854817754507665,0.32600443716524,2.46469511466785e-14,NA,-0.074248048357822,-7.51756604822708e-09
"betweenness_1930_~_entropy_1990",0.501957821325028,0.102625280934525,0,NA,-0.340989054011682,-2.06522920072507e-09
"zipf_1930_~_betweenness_1990",0.57148626522843,0.695558398322735,0,NA,-1.55944349628602e-06,-0.189773868050655
"zipf_1930_~_zipf_1990",0.668368777421168,0.668308383633578,0.514770501233505,NA,-0.119040397224328,-0.130287157421659
"zipf_1930_~_spectral_diversity_1990",0.469902397969825,0.487978453125682,0.175975545267933,NA,-0.0102166452444615,-0.0551723082369537
"zipf_1930_~_entropy_1990",0.397904656166296,0.340742262281878,0.0003019787805838,NA,-0.0939519932736635,-0.0109801115643316
"spectral_diversity_1930_~_betweenness_1990",0.366651400995114,0.811973821805119,0,NA,-1.013596921802e-06,-0.0671024642363367
"spectral_diversity_1930_~_zipf_1990",0.497419051443335,0.490244119401837,0.61283356472283,NA,-0.0267860909192506,-0.00924549425766261
"spectral_diversity_1930_~_spectral_diversity_1990",0.924971217607793,0.926854589184588,0.907732716878285,NA,-0.0177903295663247,-0.0172212875797692
"entropy_1930_~_betweenness_1990",0.221337271474901,0.583780340596927,0,NA,-8.01241823029309e-07,-0.179636587156282
"entropy_1930_~_zipf_1990",0.366903617507918,0.418073063338083,0.0354648782969065,NA,-0.036987855111558,-0.0626120927186769
"entropy_1930_~_entropy_1990",0.634742987985487,0.635055344741523,0.830146344825403,NA,-0.137243670713317,-0.132581076754483
"betweenness_1930_~_betweenness_2000",0.99,0.956718405895116,0.00139999084536457,NA,-1.40709153295311e-05,-3.97036879751266e-08
"betweenness_1930_~_zipf_2000",0.671623567359796,0.465407145893163,0,NA,-0.228434095187181,-1.13431246733659e-08
"betweenness_1930_~_spectral_diversity_2000",0.846323407191374,0.327991629908228,7.94919685631612e-14,NA,-0.0806172807798172,-7.67579980621038e-09
"betweenness_1930_~_entropy_2000",0.461755392942279,0.0956863537664925,0,NA,-0.333397162821235,-1.59967390660717e-09
"zipf_1930_~_betweenness_2000",0.552083068144983,0.713646230364356,0,NA,-6.28390669307879e-06,-0.159654295992361
"zipf_1930_~_zipf_2000",0.654410443397856,0.654048380003921,0.921726172732241,NA,-0.129189664814946,-0.127815152939997
"zipf_1930_~_spectral_diversity_2000",0.468245814614284,0.481838092142509,0.174098736217384,NA,-0.00891200891085292,-0.0582583702188015
"zipf_1930_~_entropy_2000",0.41235557286416,0.346316979105309,0.000127053009274292,NA,-0.0933242109014768,-0.0117408050045426
"spectral_diversity_1930_~_betweenness_2000",0.349013082445197,0.78632245936308,0,NA,-3.42640832016561e-06,-0.0581051544161143
"spectral_diversity_1930_~_zipf_2000",0.500485676053152,0.479492879381383,0.2827751655375,NA,-0.0364420265176466,-0.00664663470449441
"spectral_diversity_1930_~_spectral_diversity_2000",0.927365418948374,0.93079081092039,0.95846658534057,NA,-0.0137969857573836,-0.0109416988607987
"entropy_1930_~_betweenness_2000",0.233949005585455,0.530233630490884,0,NA,-2.5518534135483e-06,-0.223995920846684
"entropy_1930_~_zipf_2000",0.336252847844051,0.378120078046536,0.0300635357587973,NA,-0.0448503072255874,-0.0785826547318315
"entropy_1930_~_entropy_2000",0.647332247792066,0.646043825870679,0.71018799051578,NA,-0.122905767191441,-0.131411520660857
"betweenness_1940_~_betweenness_1950",0.99,0.99,0.998518313223373,NA,-1.54347127978225e-05,-1.41032214231747e-05
"betweenness_1940_~_zipf_1950",0.749670072358253,0.599112823685193,0,NA,-0.154713974117019,-4.5682659391643e-08
"betweenness_1940_~_spectral_diversity_1950",0.860772622727262,0.358446647461349,1.99347205409595e-11,NA,-0.0601601547059611,-3.06679667596176e-08
"betweenness_1940_~_entropy_1950",0.566504252575919,0.142351487704808,0,NA,-0.242416622113964,-2.16495977545674e-08
"zipf_1940_~_betweenness_1950",0.64744855836591,0.75974665608202,0,NA,-1.41515737320849e-07,-0.13092189348233
"zipf_1940_~_zipf_1950",0.913738685200592,0.91309315359608,0.850135535692867,NA,-0.0339894982262891,-0.0357202719506992
"zipf_1940_~_spectral_diversity_1950",0.547770359920593,0.56733351029028,0.626613416219569,NA,-0.00589875331400313,-0.0104790878598024
"zipf_1940_~_entropy_1950",0.494427009300238,0.430714760452792,0.00617344329168845,NA,-0.0597632290800633,-0.0107159588768292
"spectral_diversity_1940_~_betweenness_1950",0.37739978513085,0.870988101385671,0,NA,-2.584303894482e-08,-0.0649631257244759
"spectral_diversity_1940_~_zipf_1950",0.531954876882366,0.513703534443884,0.516903090145325,NA,-0.0208856114069736,-0.00508716691726644
"spectral_diversity_1940_~_spectral_diversity_1950",0.971634848475953,0.971491984632468,0.312709014006995,NA,-0.00646580294535721,-0.0109322812287943
"entropy_1940_~_betweenness_1950",0.158893583416381,0.577222535234608,0,NA,-3.19022756637212e-08,-0.255100592306666
"entropy_1940_~_zipf_1950",0.407813142735903,0.46812305286968,0.00547610783112229,NA,-0.0142775748555254,-0.0554664334400864
"entropy_1940_~_entropy_1950",0.727354431867597,0.732496417065942,0.715762076377696,NA,-0.104243251515606,-0.104793408340396
"betweenness_1940_~_betweenness_1960",0.99,0.99,0.998990097841879,NA,-1.22781418331285e-06,-1.74749764157386e-07
"betweenness_1940_~_zipf_1960",0.731554245637603,0.583398696767551,0,NA,-0.166419720401613,-5.16613651971482e-08
"betweenness_1940_~_spectral_diversity_1960",0.853640366510149,0.359252015368444,3.72752939625798e-11,NA,-0.0631158462405434,-3.2564363413736e-08
"betweenness_1940_~_entropy_1960",0.526241770496708,0.121231775831308,0,NA,-0.279595720106016,-1.61124592910527e-08
"zipf_1940_~_betweenness_1960",0.558965758267671,0.697875776907437,0,NA,-2.28541220340499e-07,-0.187504932802426
"zipf_1940_~_zipf_1960",0.871385803672783,0.871454358629605,0.767327326668956,NA,-0.0505251878726645,-0.0528571500155378
"zipf_1940_~_spectral_diversity_1960",0.5077011906297,0.521955677400744,0.627421737925433,NA,-0.0144760458398361,-0.0240059516500194
"zipf_1940_~_entropy_1960",0.421343055655354,0.357076221253904,0.00245142683485522,NA,-0.0805618354382614,-0.0150205757520579
"spectral_diversity_1940_~_betweenness_1960",0.370731182580001,0.856274930667796,0,NA,-1.05140129515764e-07,-0.0718483300895444
"spectral_diversity_1940_~_zipf_1960",0.53016536341157,0.516588592007487,0.635094201544989,NA,-0.0162024368664154,-0.00468421665412205
"spectral_diversity_1940_~_spectral_diversity_1960",0.969581967317867,0.970723753034682,0.427482211469969,NA,-0.0100539640182882,-0.00540090734001898
"entropy_1940_~_betweenness_1960",0.178358545694597,0.570671291514458,0,NA,-6.79262014419391e-08,-0.266691842603898
"entropy_1940_~_zipf_1960",0.379719885653286,0.425090743599322,0.127640829288009,NA,-0.0369109773288815,-0.0460249053617158
"entropy_1940_~_entropy_1960",0.685337051749632,0.688596726486474,0.130614050631804,NA,-0.108553965667997,-0.131409747640025
"betweenness_1940_~_betweenness_1970",0.99,0.99,0.999565375228786,NA,-6.82483736559534e-07,-3.00298563554892e-07
"betweenness_1940_~_zipf_1970",0.711800814953191,0.552907982319618,0,NA,-0.183225358925352,-5.08510337411257e-08
"betweenness_1940_~_spectral_diversity_1970",0.854417436142432,0.367611272059784,7.19850845598557e-11,NA,-0.0626122779781149,-3.45212770745139e-08
"betweenness_1940_~_entropy_1970",0.573219144141592,0.137086453320745,0,NA,-0.245143305858844,-1.98675570755449e-08
"zipf_1940_~_betweenness_1970",0.603009435815774,0.731985997510514,0,NA,-6.99943270628337e-07,-0.138374817391437
"zipf_1940_~_zipf_1970",0.873967200794626,0.873819992999253,0.69793429697541,NA,-0.0506005965804688,-0.0476415203174283
"zipf_1940_~_spectral_diversity_1970",0.530485384394225,0.545409096832366,0.71482973281805,NA,-0.0135731527171384,-0.0167602098598828
"zipf_1940_~_entropy_1970",0.441950474928598,0.385051706575474,0.00108592644121641,NA,-0.0848628249477014,-0.0131990890508135
"spectral_diversity_1940_~_betweenness_1970",0.325757468423276,0.83965292938792,0,NA,-1.02154038661495e-07,-0.0679887016706476
"spectral_diversity_1940_~_zipf_1970",0.527334449373146,0.513364009255585,0.560047746887936,NA,-0.0202233427969902,-0.00439939666673493
"spectral_diversity_1940_~_spectral_diversity_1970",0.964878009251227,0.965715914389267,0.469234397123053,NA,-0.009976731349259,-0.00532538328051523
"entropy_1940_~_betweenness_1970",0.217601740572708,0.625187585119416,0,NA,-3.03569207083946e-07,-0.167863370619949
"entropy_1940_~_zipf_1970",0.335915019277145,0.369648209470324,0.569690117877345,NA,-0.0646089692943388,-0.050142718829672
"entropy_1940_~_entropy_1970",0.626063690151109,0.625818750623956,0.542276606569726,NA,-0.142965047917111,-0.155030937420303
"betweenness_1940_~_betweenness_1980",0.99,0.981525289642093,0.0137682545239675,"Data contain duplicated values: LSCV is not well-behaved in this case",-3.63337857776116e-05,-5.88778541020056e-09
"betweenness_1940_~_zipf_1980",0.730318554390737,0.560998625877955,0,NA,-0.165495216908004,-4.91617437063117e-08
"betweenness_1940_~_spectral_diversity_1980",0.868502465429436,0.37271635954725,1.47328815813808e-10,NA,-0.0497181641142886,-3.7997367054843e-08
"betweenness_1940_~_entropy_1980",0.555929735548147,0.123661997485784,0,NA,-0.264663872460139,-1.51533383447887e-08
"zipf_1940_~_betweenness_1980",0.539351084034683,0.664333002004946,0,NA,-5.69662298002393e-07,-0.203129745612363
"zipf_1940_~_zipf_1980",0.899710002292777,0.898542837456779,0.780736617753061,NA,-0.0328461793952078,-0.0320513646208626
"zipf_1940_~_spectral_diversity_1980",0.516114628862806,0.523636711810515,0.908825935627044,NA,-0.0191082353082,-0.0172892202040265
"zipf_1940_~_entropy_1980",0.42153863849481,0.358445857029266,0.0063793927860909,NA,-0.0752762357123826,-0.0212253902099098
"spectral_diversity_1940_~_betweenness_1980",0.352478237117296,0.822617124557957,0,NA,-2.45692248680193e-07,-0.0632596283559705
"spectral_diversity_1940_~_zipf_1980",0.510591628874378,0.48834304658821,0.303119165255241,NA,-0.0326200256896295,-0.00379408323523171
"spectral_diversity_1940_~_spectral_diversity_1980",0.954404407790171,0.95623907646326,0.329719450624383,NA,-0.0125544288343963,-0.00403252650467792
"entropy_1940_~_betweenness_1980",0.207122164883764,0.554083792766167,0,NA,-7.09450487208254e-07,-0.199572996771918
"entropy_1940_~_zipf_1980",0.368994457027864,0.412627841926343,0.205711133557318,NA,-0.0397140811930993,-0.0412893696781731
"entropy_1940_~_entropy_1980",0.701786102683058,0.702209300855845,0.52542406412011,NA,-0.10773114404592,-0.11807322455034
"betweenness_1940_~_betweenness_1990",0.99,0.99,0.997547211312294,NA,-4.63478988021677e-06,-5.81945146015541e-08
"betweenness_1940_~_zipf_1990",0.674292740753295,0.487891463307941,0,NA,-0.205787424509291,-4.63392586810352e-08
"betweenness_1940_~_spectral_diversity_1990",0.859387785513055,0.340214567377852,1.21738175096198e-11,NA,-0.0502819280229168,-3.08893488897869e-08
"betweenness_1940_~_entropy_1990",0.579668458053372,0.132133450561301,0,NA,-0.224879921960983,-1.77957518823174e-08
"zipf_1940_~_betweenness_1990",0.566868435152514,0.688692929877867,0,NA,-1.57529928726447e-06,-0.185141130849642
"zipf_1940_~_zipf_1990",0.772376073612756,0.771654942751208,0.0881391836229644,NA,-0.0732847122474518,-0.0963780614984455
"zipf_1940_~_spectral_diversity_1990",0.496297862532746,0.519504345038788,0.382396419431219,NA,-0.00819878053971247,-0.0279719188367732
"zipf_1940_~_entropy_1990",0.415337182189279,0.358712799323514,0.00183794324577224,NA,-0.0787006415645729,-0.0116440259393653
"spectral_diversity_1940_~_betweenness_1990",0.367351253731005,0.819391699132218,0,NA,-9.58087890303919e-07,-0.0580750288096879
"spectral_diversity_1940_~_zipf_1990",0.518744808199824,0.499733949846416,0.348775014421265,NA,-0.0299543432275485,-0.00286448014635764
"spectral_diversity_1940_~_spectral_diversity_1990",0.957305033102797,0.956863373172095,0.897120966412056,NA,-0.00526849301774666,-0.00479314667430562
"entropy_1940_~_betweenness_1990",0.231434964649657,0.588414687785476,0,NA,-8.38464742979509e-07,-0.191954542717818
"entropy_1940_~_zipf_1990",0.416856756771783,0.475891369684823,0.0711664321446288,NA,-0.0181654145059164,-0.0273678894734734
"entropy_1940_~_entropy_1990",0.780832052362367,0.781498929868051,0.747929955769478,NA,-0.0740879530259636,-0.0780556217943876
"betweenness_1940_~_betweenness_2000",0.99,0.970372375933996,0.0055311236599247,NA,-7.67895667542972e-06,-6.06211272911802e-08
"betweenness_1940_~_zipf_2000",0.664620046954131,0.475065938747797,0,NA,-0.204154769302304,-4.60293200653466e-08
"betweenness_1940_~_spectral_diversity_2000",0.851647824447804,0.345559640591076,5.78153080965649e-11,NA,-0.054943564636672,-3.24738832481837e-08
"betweenness_1940_~_entropy_2000",0.559597097045873,0.1220404879818,0,NA,-0.248160029906956,-1.57709378644446e-08
"zipf_1940_~_betweenness_2000",0.544912539491281,0.708855465081912,0,NA,-6.2497500692555e-06,-0.155679187475542
"zipf_1940_~_zipf_2000",0.676857555170197,0.676072882101827,0.326584990618903,NA,-0.131631610612624,-0.116172219408806
"zipf_1940_~_spectral_diversity_2000",0.505408051327914,0.523713782944638,0.503047119152675,NA,-0.00758338517631559,-0.0223515890318759
"zipf_1940_~_entropy_2000",0.428098399737785,0.365579873921716,0.00107148196369056,NA,-0.0781632369263832,-0.0125014406062428
"spectral_diversity_1940_~_betweenness_2000",0.346185874602578,0.794337312356361,0,NA,-3.06643902284951e-06,-0.0545850897212886
"spectral_diversity_1940_~_zipf_2000",0.525341976279581,0.500328484164554,0.284674990489326,NA,-0.0296420314323578,-0.00306230769017299
"spectral_diversity_1940_~_spectral_diversity_2000",0.949277074203475,0.949911469632449,0.646622003368424,NA,-0.00796705736065939,-0.00360728213990035
"entropy_1940_~_betweenness_2000",0.269235938976614,0.577409027711113,0,NA,-2.63697150285672e-06,-0.196375415463581
"entropy_1940_~_zipf_2000",0.350974169445973,0.386308900050896,0.237797328085199,NA,-0.0496632308657271,-0.0548358961013922
"entropy_1940_~_entropy_2000",0.621311742862001,0.620439695644091,0.697005300764805,NA,-0.136434625548381,-0.14500688087209
"betweenness_1950_~_betweenness_1960",0.99,0.99,0.952685370872768,NA,-2.36804880215053e-05,-8.56710128069439e-05
"betweenness_1950_~_zipf_1960",0.738053761893203,0.610001802690572,0,NA,-0.161978427121989,-1.31838793780343e-07
"betweenness_1950_~_spectral_diversity_1960",0.851361896920118,0.371693468387103,6.31494856406789e-13,NA,-0.0850636375329018,-2.22242685852205e-08
"betweenness_1950_~_entropy_1960",0.712363473892068,0.196881034401744,0,NA,-0.104353770486166,-6.55859023437228e-08
"zipf_1950_~_betweenness_1960",0.580256921860611,0.728269748829415,0,NA,-2.5160090165052e-07,-0.166644248241804
"zipf_1950_~_zipf_1960",0.639769365439638,0.640170000386182,0.871604286848908,NA,-0.154863132522818,-0.157319414125474
"zipf_1950_~_spectral_diversity_1960",0.503086398708477,0.522034574815624,0.451479037115746,NA,-0.0108371325863868,-0.0294244818757572
"zipf_1950_~_entropy_1960",0.44316886837955,0.369098832820494,0.00415384542649244,NA,-0.0690207785804268,-0.0171429746714104
"spectral_diversity_1950_~_betweenness_1960",0.374690306584589,0.858160577224965,0,NA,-1.05967239891841e-07,-0.0729544559256285
"spectral_diversity_1950_~_zipf_1960",0.536650074942347,0.507723312051483,0.191342302881297,NA,-0.0396615943391687,-0.00297759926464601
"spectral_diversity_1950_~_spectral_diversity_1960",0.939324399760127,0.940689531287969,0.997683251007592,NA,-0.0268204739606179,-0.0254795228285075
"entropy_1950_~_betweenness_1960",0.163592009421616,0.537718159353473,0,NA,-7.0703759999088e-08,-0.285629960880786
"entropy_1950_~_zipf_1960",0.377069252798282,0.426588260689809,0.025037527673317,NA,-0.0392374810738477,-0.0681202263909986
"entropy_1950_~_entropy_1960",0.566673534300624,0.566534277312776,0.861752982797661,NA,-0.166459123937271,-0.170381930535585
"betweenness_1950_~_betweenness_1970",0.99,0.99,0.998180465907991,NA,-6.87206899037044e-06,-2.12650113656795e-07
"betweenness_1950_~_zipf_1970",0.731382993924274,0.594277595284443,0,NA,-0.167300712458066,-1.04148998544812e-07
"betweenness_1950_~_spectral_diversity_1970",0.850058520373512,0.379965208817785,1.66511249233281e-12,NA,-0.0853250749712937,-2.44562851716778e-08
"betweenness_1950_~_entropy_1970",0.552586758874788,0.138983400628168,0,NA,-0.278688722650298,-3.23470375786539e-08
"zipf_1950_~_betweenness_1970",0.60460033566314,0.752057045410408,0,NA,-5.10055271708044e-07,-0.140908851085128
"zipf_1950_~_zipf_1970",0.875196196784335,0.875398281382171,0.124514893951159,NA,-0.0593806831317058,-0.047191462916764
"zipf_1950_~_spectral_diversity_1970",0.537882131482633,0.564448469671013,0.448772478519554,NA,-0.00459423787530668,-0.016774293814781
"zipf_1950_~_entropy_1970",0.466991993463426,0.401005600614166,0.00240413321164912,NA,-0.0691812794617002,-0.0122950522597897
"spectral_diversity_1950_~_betweenness_1970",0.334024915397628,0.844776080499917,0,NA,-1.20755482482848e-07,-0.0661923073404918
"spectral_diversity_1950_~_zipf_1970",0.526341265353099,0.495674049623458,0.105051522345162,NA,-0.0506322465901299,-0.00320107115232763
"spectral_diversity_1950_~_spectral_diversity_1970",0.948198922173204,0.94934867968954,0.923336310945649,NA,-0.0211217085848998,-0.0192826521621978
"entropy_1950_~_betweenness_1970",0.220716619053767,0.637820825794348,0,NA,-3.58040274831385e-07,-0.141109237701097
"entropy_1950_~_zipf_1970",0.351265734565868,0.393839723592118,0.140369211352195,NA,-0.0576275180281152,-0.0662490374562624
"entropy_1950_~_entropy_1970",0.744519258382426,0.743353892290906,0.130950047149888,NA,-0.111178515107061,-0.089281802287986
"betweenness_1950_~_betweenness_1980",0.99,0.971058437776701,4.5463570497617e-05,NA,-0.000256180832802738,-1.33301111672167e-05
"betweenness_1950_~_zipf_1980",0.763269055959174,0.607518416038496,0,"Data contain duplicated values: LSCV is not well-behaved in this case",-0.145326482895209,-6.81385033669149e-08
"betweenness_1950_~_spectral_diversity_1980",0.856180285716886,0.373143887739748,4.9782400424192e-13,NA,-0.0812138682224078,-2.25120384279303e-08
"betweenness_1950_~_entropy_1980",0.574315872165955,0.135870747116176,0,NA,-0.259929748051443,-2.74666514567837e-08
"zipf_1950_~_betweenness_1980",0.555091578880079,0.694393987312375,0,NA,-4.64073110391389e-07,-0.191555208242114
"zipf_1950_~_zipf_1980",0.880243482531859,0.87939618248302,0.636375049878521,NA,-0.0492736219327997,-0.0465815376528067
"zipf_1950_~_spectral_diversity_1980",0.517524833614031,0.533476665973571,0.581280208125915,NA,-0.0104981287200946,-0.0229847537473681
"zipf_1950_~_entropy_1980",0.454215824228727,0.376421555945564,0.00351573190537402,NA,-0.0653176030871763,-0.0123440256386725
"spectral_diversity_1950_~_betweenness_1980",0.353901552962188,0.818826431578114,0,NA,-2.72841509079946e-07,-0.0700272088556288
"spectral_diversity_1950_~_zipf_1980",0.518111521584552,0.488646198511911,0.109641503171824,NA,-0.0509820769634347,-0.00358735608903661
"spectral_diversity_1950_~_spectral_diversity_1980",0.904112300668221,0.908830233070813,0.755778023851543,NA,-0.0430925460415656,-0.0344825912283393
"entropy_1950_~_betweenness_1980",0.211735695446569,0.57031118605929,0,NA,-8.69969520957526e-07,-0.169996300931955
"entropy_1950_~_zipf_1980",0.351646680540538,0.393858156258103,0.151175657541915,NA,-0.0552842532374969,-0.0621507396114185
"entropy_1950_~_entropy_1980",0.626299705581127,0.622797696600051,0.491839005894958,NA,-0.146177869579516,-0.136197914580064
"betweenness_1950_~_betweenness_1990",0.99,0.99,0.996741486199784,NA,-3.71034298297317e-06,-7.59896568016601e-08
"betweenness_1950_~_zipf_1990",0.689129434129919,0.515386152210488,0,NA,-0.208105664285434,-5.55784831893091e-08
"betweenness_1950_~_spectral_diversity_1990",0.851466957694324,0.348389502531003,9.03721542044877e-14,NA,-0.0765204487677098,-2.24482803954871e-08
"betweenness_1950_~_entropy_1990",0.539073693194011,0.127306026908612,0,NA,-0.286547263433102,-2.86272150192836e-08
"zipf_1950_~_betweenness_1990",0.577501528800089,0.710887061534593,0,NA,-1.53921451478062e-06,-0.176060315194216
"zipf_1950_~_zipf_1990",0.683940643133244,0.683685498181628,0.518196096866022,NA,-0.123165093520746,-0.133894358941893
"zipf_1950_~_spectral_diversity_1990",0.496138602270695,0.518059471786195,0.454119243481278,NA,-0.0094512109864056,-0.0250332831501843
"zipf_1950_~_entropy_1990",0.430521365039569,0.367011975309693,0.00268946158542405,NA,-0.0697822994951197,-0.0119894290925585
"spectral_diversity_1950_~_betweenness_1990",0.370822770056192,0.817661542755411,0,NA,-1.04205422934263e-06,-0.0578100910849566
"spectral_diversity_1950_~_zipf_1990",0.522941328755974,0.550903465307069,0.302918697875412,NA,-0.00537610037142983,-0.0273539041964572
"spectral_diversity_1950_~_spectral_diversity_1990",0.928633689927633,0.92975151302826,0.659565994151794,NA,-0.0213029330182986,-0.0246082586748074
"entropy_1950_~_betweenness_1990",0.239840727574039,0.613467993256753,0,NA,-9.98539515569162e-07,-0.153933725696024
"entropy_1950_~_zipf_1990",0.377196369473303,0.42459454318846,0.0521800848637575,NA,-0.043211318890749,-0.0650869800126912
"entropy_1950_~_entropy_1990",0.636973913165463,0.636268672335872,0.576732472789325,NA,-0.143262631127475,-0.133012670055456
"betweenness_1950_~_betweenness_2000",0.99,0.975755752472729,0.0208461665479125,NA,-4.70942658730173e-06,-7.05648627293969e-08
"betweenness_1950_~_zipf_2000",0.689376898115699,0.508309323746045,0,NA,-0.200684392776874,-4.8523241172024e-08
"betweenness_1950_~_spectral_diversity_2000",0.838763435245,0.345208145682709,6.83897383169096e-14,NA,-0.0888916729411874,-1.9891520135684e-08
"betweenness_1950_~_entropy_2000",0.556238129385597,0.128943759981801,0,NA,-0.267581561680336,-2.48558605679399e-08
"zipf_1950_~_betweenness_2000",0.544459997786793,0.724755452557522,0,NA,-6.3042976066693e-06,-0.152947661282185
"zipf_1950_~_zipf_2000",0.786531487455686,0.78589982143488,0.750543984297131,NA,-0.0819947682087818,-0.0787342467696583
"zipf_1950_~_spectral_diversity_2000",0.45610834081253,0.474103213096798,0.10458240806327,NA,-0.00848412224034244,-0.065550416739414
"zipf_1950_~_entropy_2000",0.440888613435064,0.37098760085568,0.00115220369774005,NA,-0.0706671005312393,-0.0115508615631217
"spectral_diversity_1950_~_betweenness_2000",0.349688066921816,0.798239627256516,0,NA,-3.63404625183528e-06,-0.0487278729858226
"spectral_diversity_1950_~_zipf_2000",0.51223974268378,0.493135845408919,0.319530574750776,NA,-0.0398565221162024,-0.0121896694573649
"spectral_diversity_1950_~_spectral_diversity_2000",0.921356802712695,0.924382111076653,0.796799191359883,NA,-0.0241144617853683,-0.0238655286314447
"entropy_1950_~_betweenness_2000",0.262083740455914,0.567517584499202,0,NA,-3.33684977004891e-06,-0.183882800864959
"entropy_1950_~_zipf_2000",0.329952058551299,0.366314203983421,0.0250663505222759,NA,-0.05394730466823,-0.090396780694875
"entropy_1950_~_entropy_2000",0.592688861159768,0.591588438081912,0.812192891504996,NA,-0.157124837229013,-0.153283237438056
"betweenness_1960_~_betweenness_1970",0.99,0.99,0.999974591341923,NA,-4.56155325066787e-07,-4.49627852890889e-07
"betweenness_1960_~_zipf_1970",0.696331639066025,0.541895366748698,0,NA,-0.193150970757034,-2.21300141063649e-07
"betweenness_1960_~_spectral_diversity_1970",0.84493606214299,0.374006099486502,1.82720505392808e-11,NA,-0.0847277664570674,-1.16578825724983e-07
"betweenness_1960_~_entropy_1970",0.535920427927516,0.155023943140714,0,NA,-0.300668820307282,-6.0088866784088e-08
"zipf_1960_~_betweenness_1970",0.596773702449183,0.750085244687719,0,NA,-4.73258113967638e-07,-0.143446419026454
"zipf_1960_~_zipf_1970",0.669261671392562,0.668945011879061,0.916676732972163,NA,-0.146022489562476,-0.144603384882326
"zipf_1960_~_spectral_diversity_1970",0.507756389976803,0.524548484028276,0.423648106609643,NA,-0.0122663136951272,-0.0346197590450961
"zipf_1960_~_entropy_1970",0.423825789638485,0.371627441583934,0.0189669694612487,NA,-0.0696086919685305,-0.0309504307733761
"spectral_diversity_1960_~_betweenness_1970",0.324058760668918,0.828763731538555,0,NA,-1.65805138181948e-07,-0.0710879528613534
"spectral_diversity_1960_~_zipf_1970",0.49697231534539,0.484883029289167,0.488368604492852,NA,-0.0385600501653534,-0.0168683237385185
"spectral_diversity_1960_~_spectral_diversity_1970",0.932539179041081,0.933012385239531,0.71099292606325,NA,-0.0327219127884712,-0.0288461034447245
"entropy_1960_~_betweenness_1970",0.168880097153232,0.560730357505918,0,NA,-2.63357720109977e-07,-0.230083511321108
"entropy_1960_~_zipf_1970",0.306969344879944,0.353446779265581,0.124709504975287,NA,-0.0573088648798683,-0.0672330119501275
"entropy_1960_~_entropy_1970",0.616579073882501,0.616095773734035,0.856847864815671,NA,-0.148871676044115,-0.152949779969264
"betweenness_1960_~_betweenness_1980",0.99,0.99,0.995317389614764,NA,-9.12527867444275e-06,-3.25012902586301e-07
"betweenness_1960_~_zipf_1980",0.710302282279427,0.539133479787342,0,NA,-0.185131052531762,-2.07667088395131e-07
"betweenness_1960_~_spectral_diversity_1980",0.863807229185535,0.370455774855527,1.01543218278266e-11,NA,-0.0689183088188108,-1.06151975745399e-07
"betweenness_1960_~_entropy_1980",0.548097999252525,0.149287733490153,0,NA,-0.290059985262808,-5.84272617925044e-08
"zipf_1960_~_betweenness_1980",0.549902142822146,0.68724166171181,0,NA,-5.88714084994291e-07,-0.191123873472451
"zipf_1960_~_zipf_1980",0.836983495239273,0.835432962491064,0.754832621610952,NA,-0.0725618184466539,-0.0711345778279863
"zipf_1960_~_spectral_diversity_1980",0.495734128207055,0.509101171312309,0.427899384822965,NA,-0.0140731319841051,-0.0399912947517753
"zipf_1960_~_entropy_1980",0.379682442435099,0.327311855409125,0.103936011904721,NA,-0.0645915651115542,-0.0509449493970922
"spectral_diversity_1960_~_betweenness_1980",0.346469001842399,0.800976010562304,0,NA,-4.08306115301468e-07,-0.075612881103279
"spectral_diversity_1960_~_zipf_1980",0.492151363976968,0.476377310975864,0.364105640511296,NA,-0.0430463656296279,-0.0149558856134346
"spectral_diversity_1960_~_spectral_diversity_1980",0.906864255381886,0.907846123657338,0.594429363408672,NA,-0.038667169433086,-0.044262819643879
"entropy_1960_~_betweenness_1980",0.176631893312959,0.52927623747799,0,NA,-7.09732945819069e-07,-0.220396620223403
"entropy_1960_~_zipf_1980",0.306291890894375,0.353297473433387,0.126456503733219,NA,-0.0560998201576879,-0.0637086187530683
"entropy_1960_~_entropy_1980",0.706027102139035,0.705335061470925,0.667998552396208,NA,-0.111473389502439,-0.1197211054077
"betweenness_1960_~_betweenness_1990",0.99,0.99,0.996582995260393,NA,-2.33337625216583e-06,-1.91179399894876e-07
"betweenness_1960_~_zipf_1990",0.656643002767159,0.477219204324029,0,NA,-0.225980015876089,-1.80574647136351e-07
"betweenness_1960_~_spectral_diversity_1990",0.849297655618369,0.343649794620989,1.35202959938852e-12,NA,-0.074076502538652,-9.89621830022148e-08
"betweenness_1960_~_entropy_1990",0.518994563558081,0.14208214263029,0,NA,-0.314397787649705,-5.55608944693661e-08
"zipf_1960_~_betweenness_1990",0.568484273875587,0.704544653303704,0,NA,-1.42529000320954e-06,-0.182861900302453
"zipf_1960_~_zipf_1990",0.855530001297231,0.854488184101565,0.0129362856503001,NA,-0.0673859882433118,-0.0465360242564788
"zipf_1960_~_spectral_diversity_1990",0.472101227220943,0.493201369048731,0.221706077437963,NA,-0.00974769586010531,-0.0473311643975506
"zipf_1960_~_entropy_1990",0.396868907909983,0.344230295285156,0.0139485288816301,NA,-0.0696376958127789,-0.0267316366481094
"spectral_diversity_1960_~_betweenness_1990",0.363503832890985,0.813461454033442,0,NA,-9.1109241190349e-07,-0.0675991630574772
"spectral_diversity_1960_~_zipf_1990",0.518337806893241,0.544776469612028,0.325681895187045,NA,-0.00559475215926635,-0.0280468023228134
"spectral_diversity_1960_~_spectral_diversity_1990",0.919632832119338,0.920475939651026,0.700177821044817,NA,-0.0347255096303249,-0.0296770142933913
"entropy_1960_~_betweenness_1990",0.196610584872823,0.561757559730427,0,NA,-6.87648639118555e-07,-0.222383603520389
"entropy_1960_~_zipf_1990",0.331217434427013,0.38646991308527,0.0391550335293172,NA,-0.0457415703224179,-0.0671687071523173
"entropy_1960_~_entropy_1990",0.68398031731373,0.680016081211179,0.502254255123221,NA,-0.124870391681344,-0.116423287192515
"betweenness_1960_~_betweenness_2000",0.99,0.985540272543344,0.308731287214451,NA,-3.83826761627324e-06,-2.7105240041502e-07
"betweenness_1960_~_zipf_2000",0.660430027314997,0.476289681298459,0,NA,-0.210683230507385,-1.81262060678786e-07
"betweenness_1960_~_spectral_diversity_2000",0.844390498529119,0.342249945605579,1.09579012530503e-12,NA,-0.0786167308319827,-9.77927131986694e-08
"betweenness_1960_~_entropy_2000",0.549976692178101,0.149658951200217,0,NA,-0.27614735082953,-6.21740869609928e-08
"zipf_1960_~_betweenness_2000",0.536535121358797,0.720507760662574,0,NA,-6.50860479344474e-06,-0.152902770666312
"zipf_1960_~_zipf_2000",0.850878279524405,0.849126321812391,0.51707242547186,NA,-0.0566805715893346,-0.0525449119947719
"zipf_1960_~_spectral_diversity_2000",0.48756217904294,0.510204262877227,0.227154973992378,NA,-0.00514141990468217,-0.0413937423431829
"zipf_1960_~_entropy_2000",0.414122366606191,0.3544829089042,0.00930664783925872,NA,-0.0666409136462067,-0.0260561625853826
"spectral_diversity_1960_~_betweenness_2000",0.343680764418261,0.781707314902439,0,NA,-3.81994834450236e-06,-0.0574747461390381
"spectral_diversity_1960_~_zipf_2000",0.453585827538055,0.440554634778372,0.255878524308782,NA,-0.0636925879802811,-0.0269968539639567
"spectral_diversity_1960_~_spectral_diversity_2000",0.941859147634531,0.942268721618969,0.344866526412115,NA,-0.0144378269812586,-0.0217904437778778
"entropy_1960_~_betweenness_2000",0.225436991638725,0.534890372862698,0,NA,-2.60143377449128e-06,-0.224946920349014
"entropy_1960_~_zipf_2000",0.316324454498284,0.368948227763826,0.000890691007003674,NA,-0.0284875490830221,-0.0936047839422343
"entropy_1960_~_entropy_2000",0.621865921604628,0.619476423349578,0.962754264421287,NA,-0.143463747387599,-0.144936463530578
"betweenness_1970_~_betweenness_1980",0.99,0.99,0.994301986591819,NA,-4.53144803683297e-06,-1.0502107918462e-06
"betweenness_1970_~_zipf_1980",0.742337186095347,0.559656912201559,0,NA,-0.161431134980181,-2.23735313400024e-07
"betweenness_1970_~_spectral_diversity_1980",0.844957435197958,0.324079425206921,2.56461518688411e-13,NA,-0.0679591583539964,-1.08459108751114e-07
"betweenness_1970_~_entropy_1980",0.627687364162786,0.188786517402462,0,NA,-0.177854294701481,-2.51823089677532e-07
"zipf_1970_~_betweenness_1980",0.533701923064417,0.679159665454848,0,NA,-5.7262289543049e-07,-0.197902556390422
"zipf_1970_~_zipf_1980",0.846356248724833,0.845051576341083,0.945228191867802,NA,-0.0684166337745679,-0.0703368547403028
"zipf_1970_~_spectral_diversity_1980",0.489976537693569,0.501112317973407,0.432138716842079,NA,-0.0168957617823513,-0.0439594675904356
"zipf_1970_~_entropy_1980",0.354118015160273,0.306892825592009,0.119113401246707,NA,-0.0689073781786017,-0.0557483799978589
"spectral_diversity_1970_~_betweenness_1980",0.349397523045494,0.802772194098251,0,NA,-2.98127062533139e-07,-0.0832723470824872
"spectral_diversity_1970_~_zipf_1980",0.491858371661875,0.477687145466536,0.332994076769362,NA,-0.0514579451530322,-0.0196417764852463
"spectral_diversity_1970_~_spectral_diversity_1980",0.913949904387892,0.915516199515022,0.81672087911616,NA,-0.0389286506527465,-0.03994478080834
"entropy_1970_~_betweenness_1980",0.184493569237503,0.544044136122657,0,NA,-5.76494756844201e-07,-0.22431816344712
"entropy_1970_~_zipf_1980",0.334220987876088,0.376688395367763,0.0387878336367942,NA,-0.0490303831565027,-0.0744144520828344
"entropy_1970_~_entropy_1980",0.723576192430712,0.7239651288095,0.939370427277447,NA,-0.108489123683546,-0.106883770864467
"betweenness_1970_~_betweenness_1990",0.99,0.99,0.996579233041859,NA,-9.09619777995555e-06,-3.3570145612566e-06
"betweenness_1970_~_zipf_1990",0.754485508044218,0.57600982230132,0,NA,-0.117403438328757,-5.8015395329673e-07
"betweenness_1970_~_spectral_diversity_1990",0.844684683297013,0.304377105921983,1.77635683940025e-14,NA,-0.0652597967048035,-8.2791828003719e-08
"betweenness_1970_~_entropy_1990",0.613048803597498,0.187193406725241,0,NA,-0.181808014362197,-2.76139452408551e-07
"zipf_1970_~_betweenness_1990",0.552606867390533,0.693098017649671,0,NA,-1.42107119930304e-06,-0.191945176780584
"zipf_1970_~_zipf_1990",0.699796827060699,0.69932691265837,0.425527405804605,"Data contain duplicated values: LSCV is not well-behaved in this case",-0.134068874520019,-0.122237022502025
"zipf_1970_~_spectral_diversity_1990",0.481446693029005,0.503130007698423,0.250150538479265,NA,-0.00925808101824842,-0.0434108192173552
"zipf_1970_~_entropy_1990",0.371191126694204,0.3273824662046,0.0587944675442567,NA,-0.0677658281920647,-0.0403061603109736
"spectral_diversity_1970_~_betweenness_1990",0.366590863466202,0.808224805113245,0,NA,-9.78001672430454e-07,-0.0711532702122501
"spectral_diversity_1970_~_zipf_1990",0.531478699048736,0.524208917911726,0.769724653983408,NA,-0.0237278536442478,-0.0165352878009318
"spectral_diversity_1970_~_spectral_diversity_1990",0.945093882416405,0.944974287742556,0.811434777792668,NA,-0.0180940956069457,-0.0200145267078489
"entropy_1970_~_betweenness_1990",0.262973525517336,0.679295402314574,0,NA,-1.26478849509068e-06,-0.0992685385232728
"entropy_1970_~_zipf_1990",0.364641381678096,0.415505829335467,0.00138238840782079,NA,-0.0274255213127276,-0.0847752932008662
"entropy_1970_~_entropy_1990",0.670253814654803,0.670775507088418,0.97719379307707,NA,-0.129294780452504,-0.129297914864562
"betweenness_1970_~_betweenness_2000",0.99,0.976579507539439,0.0976031662410493,NA,-7.39877008119501e-06,-2.98443151117298e-06
"betweenness_1970_~_zipf_2000",0.683618357851519,0.4853731423541,0,NA,-0.200448134191767,-1.2360596657484e-07
"betweenness_1970_~_spectral_diversity_2000",0.829330050107536,0.300031815934898,1.35447209004269e-14,NA,-0.0746374454697624,-8.21042119045902e-08
"betweenness_1970_~_entropy_2000",0.63750234864753,0.189510572555879,0,NA,-0.163159326714287,-2.22813787190062e-07
"zipf_1970_~_betweenness_2000",0.532032791520399,0.717598268583622,0,NA,-7.04545728364213e-06,-0.149743487628742
"zipf_1970_~_zipf_2000",0.735480907880108,0.734400644109311,0.247378640821715,NA,-0.100739454416996,-0.117978243486238
"zipf_1970_~_spectral_diversity_2000",0.495785584257687,0.520698364070652,0.215378851891971,NA,-0.00398640708754036,-0.0394595981474447
"zipf_1970_~_entropy_2000",0.370903852825783,0.32487606849141,0.0926994157373264,NA,-0.063332823209009,-0.0480795879299405
"spectral_diversity_1970_~_betweenness_2000",0.346038629461823,0.784319104834149,0,NA,-3.68006054942698e-06,-0.0614187011902922
"spectral_diversity_1970_~_zipf_2000",0.515747112812221,0.499745776327566,0.451085414905129,NA,-0.0369974349344159,-0.017155031325448
"spectral_diversity_1970_~_spectral_diversity_2000",0.951833240326131,0.952507568968096,0.478844551940115,NA,-0.0121824321610038,-0.0162157240226801
"entropy_1970_~_betweenness_2000",0.250439172230663,0.569767232853631,0,NA,-3.12499848498397e-06,-0.198365180808118
"entropy_1970_~_zipf_2000",0.356549966842749,0.397468007671186,0.16612241239455,NA,-0.0505397342058523,-0.0557594658044675
"entropy_1970_~_entropy_2000",0.648807403281575,0.647525737246994,0.691052314249334,NA,-0.137306518738896,-0.146205698650309
"betweenness_1980_~_betweenness_1990",0.99,0.99,0.996992622587284,NA,-1.66290201907135e-06,-6.02946046713814e-07
"betweenness_1980_~_zipf_1990",0.677333530227639,0.508145968977511,0,NA,-0.187825900891994,-6.81310354565981e-07
"betweenness_1980_~_spectral_diversity_1990",0.812491036366152,0.326944692112406,1.86362036913579e-12,NA,-0.0656525084094999,-2.80099247957007e-07
"betweenness_1980_~_entropy_1990",0.569984681141822,0.188255636749458,0,NA,-0.187927040775375,-7.2623986758403e-07
"zipf_1980_~_betweenness_1990",0.556916776620127,0.711101469358691,0,NA,-1.45789286848719e-06,-0.17696310655767
"zipf_1980_~_zipf_1990",0.829012070594922,0.829391810816209,0.57045839148654,NA,-0.0781595524178155,-0.0721322915139633
"zipf_1980_~_spectral_diversity_1990",0.480883260865811,0.506432211551425,0.190657814404226,NA,-0.00762701775466886,-0.0456539352530832
"zipf_1980_~_entropy_1990",0.37283294288236,0.328237123475687,0.0962131097672998,NA,-0.0613542904451891,-0.04380579359071
"spectral_diversity_1980_~_betweenness_1990",0.367910733562978,0.830662469543911,0,NA,-1.05007850288132e-06,-0.0474298573258997
"spectral_diversity_1980_~_zipf_1990",0.52187772457705,0.512321645049309,0.609515882075852,NA,-0.0311822626114127,-0.015654103335926
"spectral_diversity_1980_~_spectral_diversity_1990",0.934515608165814,0.931960717533568,0.36528930172526,NA,-0.020930113533883,-0.0313456398323391
"entropy_1980_~_betweenness_1990",0.208967436000212,0.600874146870626,0,NA,-7.69362414699664e-07,-0.184004425695626
"entropy_1980_~_zipf_1990",0.340813154209507,0.39947221769989,0.0213488216100692,NA,-0.0398534171523743,-0.0662339848472006
"entropy_1980_~_entropy_1990",0.758743418928312,0.754513636486226,0.943540878424623,NA,-0.0887095227165535,-0.0940360644681129
"betweenness_1980_~_betweenness_2000",0.99,0.987443208796662,0.559995648068113,NA,-4.02920721310625e-06,-5.49553630612052e-07
"betweenness_1980_~_zipf_2000",0.663254542435118,0.492654339026157,0,NA,-0.189146652656366,-6.69780225843873e-07
"betweenness_1980_~_spectral_diversity_2000",0.80160146007577,0.322556104440567,9.44133660141233e-13,NA,-0.076317718624095,-2.65064517521406e-07
"betweenness_1980_~_entropy_2000",0.565023988537291,0.179491345281491,0,NA,-0.198642972111759,-5.0505893203073e-07
"zipf_1980_~_betweenness_2000",0.519251556303542,0.72178774325314,0,NA,-5.45107629109593e-06,-0.153994212185375
"zipf_1980_~_zipf_2000",0.854540134300499,0.854521761651684,0.00779420847829937,"Data contain duplicated values: LSCV is not well-behaved in this case",-0.0483727210261883,-0.0714711707306815
"zipf_1980_~_spectral_diversity_2000",0.498683177057125,0.519648847215636,0.311143421243428,NA,-0.00650990792836833,-0.035569607207482
"zipf_1980_~_entropy_2000",0.372036054525527,0.324582918046193,0.0930343191476899,NA,-0.0616343738148694,-0.0485008862132517
"spectral_diversity_1980_~_betweenness_2000",0.343764044284806,0.803513228771148,0,NA,-3.15981863741669e-06,-0.0487012969007899
"spectral_diversity_1980_~_zipf_2000",0.509015134193457,0.491832408192921,0.342085292347454,NA,-0.0440463336415711,-0.0164210158327992
"spectral_diversity_1980_~_spectral_diversity_2000",0.974575616873049,0.974117760833224,0.627812780383016,NA,-0.00598949518729359,-0.00465806132158371
"entropy_1980_~_betweenness_2000",0.244574974183315,0.588635911516064,0,NA,-2.83982868129934e-06,-0.179811016108521
"entropy_1980_~_zipf_2000",0.316184056790899,0.362813368619771,0.0907825464755978,NA,-0.0541503993392524,-0.0670451631760371
"entropy_1980_~_entropy_2000",0.693322869219024,0.692038991338266,0.949441635931204,NA,-0.117175821542028,-0.119533008433302
"betweenness_1990_~_betweenness_2000",0.99,0.99,0.999457577136664,NA,-1.79183196281599e-06,-3.95707346829949e-06
"betweenness_1990_~_zipf_2000",0.670359177046758,0.503981734254837,0,NA,-0.194937466544602,-1.31191650747085e-06
"betweenness_1990_~_spectral_diversity_2000",0.805767707275038,0.34260052081344,3.87667675738612e-12,NA,-0.0607331148071213,-9.43205617139124e-07
"betweenness_1990_~_entropy_2000",0.619177227451355,0.222834815913949,0,NA,-0.138658486787378,-9.91418555643841e-07
"zipf_1990_~_betweenness_2000",0.488227127770666,0.695010648000894,0,NA,-5.70171807307469e-06,-0.167628975657643
"zipf_1990_~_zipf_2000",0.682559057849986,0.682166455040611,0.572712577075808,"Data contain duplicated values: LSCV is not well-behaved in this case",-0.134951743341769,-0.144085811363181
"zipf_1990_~_spectral_diversity_2000",0.514412286729268,0.522302897371322,0.662565476003427,NA,-0.0153264992291395,-0.0286502021935182
"zipf_1990_~_entropy_2000",0.417799032407429,0.361082273801309,0.027209011012443,NA,-0.0619681311790937,-0.0336710167263002
"spectral_diversity_1990_~_betweenness_2000",0.31952565436208,0.789591302303149,0,NA,-2.80871187283629e-06,-0.0483694446367158
"spectral_diversity_1990_~_zipf_2000",0.514266977220859,0.489855196332964,0.201456574817871,NA,-0.0463437804396959,-0.0120031725365761
"spectral_diversity_1990_~_spectral_diversity_2000",0.918683880815264,0.921779553494123,0.621602607363295,NA,-0.0411338811691222,-0.0331650118972629
"entropy_1990_~_betweenness_2000",0.219203339382697,0.528828651665584,0,NA,-2.41374327349347e-06,-0.229983651675665
"entropy_1990_~_zipf_2000",0.326598538088495,0.366328559402393,0.0687960247665171,NA,-0.0481289347422917,-0.0693455643634664
"entropy_1990_~_entropy_2000",0.731355115814723,0.730712786771334,0.808071298481219,NA,-0.106085084809752,-0.110604217216425
